{
	"credit": "Created with Blockbench [Exported as resourcepack with the \"resourcepack_packager\" plugin]",
	"texture_size": [128, 128],
	"textures": {
		"14": "item/chainmail_leggings/chainmail_leggings"
	},
	"elements": [
		{
			"name": "boden",
			"from": [-3, 4, -4],
			"to": [19, 5, 21],
			"faces": {
				"north": {"uv": [11.125, 7, 13.875, 7.125], "texture": "#14"},
				"east": {"uv": [9.625, 6.125, 12.75, 6.25], "texture": "#14"},
				"south": {"uv": [11.125, 7.125, 13.875, 7.25], "texture": "#14"},
				"west": {"uv": [10.375, 1.75, 13.5, 1.875], "texture": "#14"},
				"up": {"uv": [2.75, 3.125, 0, 0], "texture": "#14"},
				"down": {"uv": [5.5, 0, 2.75, 3.125], "texture": "#14"}
			}
		},
		{
			"name": "wand1",
			"from": [-4.1, 5, -4],
			"to": [-3.1, 7, 21],
			"faces": {
				"north": {"uv": [11.125, 9.5, 11.25, 9.75], "texture": "#14"},
				"east": {"uv": [7.5, 4.625, 10.625, 4.875], "texture": "#14"},
				"south": {"uv": [10.625, 11.25, 10.75, 11.5], "texture": "#14"},
				"west": {"uv": [9.25, 2.375, 12.375, 2.625], "texture": "#14"},
				"up": {"uv": [7, 13.375, 6.875, 10.25], "texture": "#14"},
				"down": {"uv": [5.125, 10.375, 5, 13.5], "texture": "#14"}
			}
		},
		{
			"name": "wand1",
			"from": [-4, 4, -4],
			"to": [-3, 11, 21],
			"faces": {
				"north": {"uv": [12.125, 3.25, 12.25, 4.125], "texture": "#14"},
				"east": {"uv": [0, 6.25, 3.125, 7.125], "texture": "#14"},
				"south": {"uv": [3.75, 12.125, 3.875, 13], "texture": "#14"},
				"west": {"uv": [3.125, 6.25, 6.25, 7.125], "texture": "#14"},
				"up": {"uv": [5.25, 13.5, 5.125, 10.375], "texture": "#14"},
				"down": {"uv": [7.125, 11, 7, 14.125], "texture": "#14"}
			}
		},
		{
			"name": "wand1",
			"from": [-4, 11, 5],
			"to": [-3, 20, 6],
			"faces": {
				"north": {"uv": [4.625, 11.375, 4.75, 12.5], "texture": "#14"},
				"east": {"uv": [4.75, 11.375, 4.875, 12.5], "texture": "#14"},
				"south": {"uv": [4.875, 11.375, 5, 12.5], "texture": "#14"},
				"west": {"uv": [11.125, 11.5, 11.25, 12.625], "texture": "#14"},
				"up": {"uv": [8, 13.125, 7.875, 13], "texture": "#14"},
				"down": {"uv": [13.125, 7.875, 13, 8], "texture": "#14"}
			}
		},
		{
			"name": "wand1",
			"from": [-4, 11, 15],
			"to": [-3, 20, 16],
			"faces": {
				"north": {"uv": [4.5, 11.75, 4.625, 12.875], "texture": "#14"},
				"east": {"uv": [5.25, 11.75, 5.375, 12.875], "texture": "#14"},
				"south": {"uv": [5.375, 11.75, 5.5, 12.875], "texture": "#14"},
				"west": {"uv": [5.5, 11.75, 5.625, 12.875], "texture": "#14"},
				"up": {"uv": [8.125, 13.125, 8, 13], "texture": "#14"},
				"down": {"uv": [8.25, 13, 8.125, 13.125], "texture": "#14"}
			}
		},
		{
			"name": "glas1",
			"from": [-4, 11, -4],
			"to": [-3, 20, 5],
			"faces": {
				"north": {"uv": [5.625, 11.75, 5.75, 12.875], "texture": "#14"},
				"east": {"uv": [7.5, 3.125, 8.625, 4.25], "texture": "#14"},
				"south": {"uv": [8.625, 11.75, 8.75, 12.875], "texture": "#14"},
				"west": {"uv": [7, 7.625, 8.125, 8.75], "texture": "#14"},
				"up": {"uv": [8.875, 12.875, 8.75, 11.75], "texture": "#14"},
				"down": {"uv": [9, 11.75, 8.875, 12.875], "texture": "#14"}
			}
		},
		{
			"name": "wand1",
			"from": [-4, 20, -4],
			"to": [-3, 23, 21],
			"faces": {
				"north": {"uv": [8, 12.625, 8.125, 13], "texture": "#14"},
				"east": {"uv": [9.25, 2, 12.375, 2.375], "texture": "#14"},
				"south": {"uv": [8.125, 12.625, 8.25, 13], "texture": "#14"},
				"west": {"uv": [9.25, 8.75, 12.375, 9.125], "texture": "#14"},
				"up": {"uv": [7.25, 14.125, 7.125, 11], "texture": "#14"},
				"down": {"uv": [7.375, 11, 7.25, 14.125], "texture": "#14"}
			}
		},
		{
			"name": "wand1",
			"from": [-8.5, 17, -4],
			"to": [-7.5, 21, 21],
			"rotation": {"angle": -22.5, "axis": "z", "origin": [8, 8, 8]},
			"faces": {
				"north": {"uv": [2.875, 12.25, 3, 12.75], "texture": "#14"},
				"east": {"uv": [6.5, 4.875, 9.625, 5.375], "texture": "#14"},
				"south": {"uv": [3, 12.25, 3.125, 12.75], "texture": "#14"},
				"west": {"uv": [6.5, 5.375, 9.625, 5.875], "texture": "#14"},
				"up": {"uv": [7.5, 14.125, 7.375, 11], "texture": "#14"},
				"down": {"uv": [7.625, 11, 7.5, 14.125], "texture": "#14"}
			}
		},
		{
			"name": "roof",
			"from": [-3, 23, -4],
			"to": [19, 24, 21],
			"faces": {
				"north": {"uv": [11.25, 5.25, 14, 5.375], "texture": "#14"},
				"east": {"uv": [10.375, 1.875, 13.5, 2], "texture": "#14"},
				"south": {"uv": [11.375, 1.25, 14.125, 1.375], "texture": "#14"},
				"west": {"uv": [10.375, 8.625, 13.5, 8.75], "texture": "#14"},
				"up": {"uv": [2.75, 6.25, 0, 3.125], "texture": "#14"},
				"down": {"uv": [5.5, 3.125, 2.75, 6.25], "texture": "#14"}
			}
		},
		{
			"name": "roof",
			"from": [6, 22.7, -4],
			"to": [10, 23.7, 21],
			"faces": {
				"north": {"uv": [10.375, 4.125, 10.875, 4.25], "texture": "#14"},
				"east": {"uv": [10.625, 4.75, 13.75, 4.875], "texture": "#14"},
				"south": {"uv": [12.125, 6, 12.625, 6.125], "texture": "#14"},
				"west": {"uv": [10.875, 8.125, 14, 8.25], "texture": "#14"},
				"up": {"uv": [6.5, 10.25, 6, 7.125], "texture": "#14"},
				"down": {"uv": [7, 7.125, 6.5, 10.25], "texture": "#14"}
			}
		},
		{
			"name": "roof",
			"from": [4, 22.8, -4],
			"to": [12, 23.8, 21],
			"faces": {
				"north": {"uv": [9.625, 6, 10.625, 6.125], "texture": "#14"},
				"east": {"uv": [11.125, 6.75, 14.25, 6.875], "texture": "#14"},
				"south": {"uv": [11.375, 1.625, 12.375, 1.75], "texture": "#14"},
				"west": {"uv": [11.125, 6.875, 14.25, 7], "texture": "#14"},
				"up": {"uv": [6.5, 3.125, 5.5, 0], "texture": "#14"},
				"down": {"uv": [6.5, 3.125, 5.5, 6.25], "texture": "#14"}
			}
		},
		{
			"name": "glas1",
			"from": [-4, 11, 6],
			"to": [-3, 20, 15],
			"faces": {
				"north": {"uv": [9, 11.75, 9.125, 12.875], "texture": "#14"},
				"east": {"uv": [8.125, 7.625, 9.25, 8.75], "texture": "#14"},
				"south": {"uv": [10.25, 11.75, 10.375, 12.875], "texture": "#14"},
				"west": {"uv": [8.625, 3.125, 9.75, 4.25], "texture": "#14"},
				"up": {"uv": [10.5, 12.875, 10.375, 11.75], "texture": "#14"},
				"down": {"uv": [10.625, 11.75, 10.5, 12.875], "texture": "#14"}
			}
		},
		{
			"name": "wand1",
			"from": [-4, 11, 16],
			"to": [-3, 20, 21],
			"faces": {
				"north": {"uv": [11.25, 11.75, 11.375, 12.875], "texture": "#14"},
				"east": {"uv": [9.625, 4.875, 10.25, 6], "texture": "#14"},
				"south": {"uv": [11.375, 11.75, 11.5, 12.875], "texture": "#14"},
				"west": {"uv": [9.75, 3.125, 10.375, 4.25], "texture": "#14"},
				"up": {"uv": [12.25, 11.375, 12.125, 10.75], "texture": "#14"},
				"down": {"uv": [12.25, 11.375, 12.125, 12], "texture": "#14"}
			}
		},
		{
			"name": "wand2",
			"from": [19.1, 5, -4],
			"to": [20.1, 7, 21],
			"faces": {
				"north": {"uv": [11.625, 12.875, 11.75, 13.125], "texture": "#14"},
				"east": {"uv": [9.375, 6.25, 12.5, 6.5], "texture": "#14"},
				"south": {"uv": [12, 12.875, 12.125, 13.125], "texture": "#14"},
				"west": {"uv": [9.375, 6.5, 12.5, 6.75], "texture": "#14"},
				"up": {"uv": [5.875, 14.375, 5.75, 11.25], "texture": "#14"},
				"down": {"uv": [6, 11.25, 5.875, 14.375], "texture": "#14"}
			}
		},
		{
			"name": "wand2",
			"from": [19, 4, -4],
			"to": [20, 11, 21],
			"faces": {
				"north": {"uv": [3.875, 12.125, 4, 13], "texture": "#14"},
				"east": {"uv": [6.25, 6.25, 9.375, 7.125], "texture": "#14"},
				"south": {"uv": [4, 12.125, 4.125, 13], "texture": "#14"},
				"west": {"uv": [6.5, 0, 9.625, 0.875], "texture": "#14"},
				"up": {"uv": [6.125, 14.375, 6, 11.25], "texture": "#14"},
				"down": {"uv": [6.25, 11.25, 6.125, 14.375], "texture": "#14"}
			}
		},
		{
			"name": "wand2",
			"from": [19, 11, 5],
			"to": [20, 20, 6],
			"faces": {
				"north": {"uv": [11.75, 11.375, 11.875, 12.5], "texture": "#14"},
				"east": {"uv": [11.5, 11.75, 11.625, 12.875], "texture": "#14"},
				"south": {"uv": [11.625, 11.75, 11.75, 12.875], "texture": "#14"},
				"west": {"uv": [0, 11.875, 0.125, 13], "texture": "#14"},
				"up": {"uv": [8.375, 13.125, 8.25, 13], "texture": "#14"},
				"down": {"uv": [13.125, 8.25, 13, 8.375], "texture": "#14"}
			}
		},
		{
			"name": "wand1",
			"from": [19, 11, 15],
			"to": [20, 20, 16],
			"faces": {
				"north": {"uv": [0.125, 11.875, 0.25, 13], "texture": "#14"},
				"east": {"uv": [0.25, 11.875, 0.375, 13], "texture": "#14"},
				"south": {"uv": [0.375, 11.875, 0.5, 13], "texture": "#14"},
				"west": {"uv": [0.5, 11.875, 0.625, 13], "texture": "#14"},
				"up": {"uv": [8.5, 13.125, 8.375, 13], "texture": "#14"},
				"down": {"uv": [13.125, 8.375, 13, 8.5], "texture": "#14"}
			}
		},
		{
			"name": "glas2",
			"from": [19, 11, -4],
			"to": [20, 20, 5],
			"faces": {
				"north": {"uv": [0.625, 11.875, 0.75, 13], "texture": "#14"},
				"east": {"uv": [7, 8.75, 8.125, 9.875], "texture": "#14"},
				"south": {"uv": [0.75, 11.875, 0.875, 13], "texture": "#14"},
				"west": {"uv": [8.125, 8.75, 9.25, 9.875], "texture": "#14"},
				"up": {"uv": [1, 13, 0.875, 11.875], "texture": "#14"},
				"down": {"uv": [10.75, 11.875, 10.625, 13], "texture": "#14"}
			}
		},
		{
			"name": "wand1",
			"from": [19, 20, -4],
			"to": [20, 23, 21],
			"faces": {
				"north": {"uv": [4.875, 12.5, 5, 12.875], "texture": "#14"},
				"east": {"uv": [6.5, 5.875, 9.625, 6.25], "texture": "#14"},
				"south": {"uv": [7.875, 12.625, 8, 13], "texture": "#14"},
				"west": {"uv": [7.5, 4.25, 10.625, 4.625], "texture": "#14"},
				"up": {"uv": [9.25, 13, 9.125, 9.875], "texture": "#14"},
				"down": {"uv": [6.875, 10.25, 6.75, 13.375], "texture": "#14"}
			}
		},
		{
			"name": "wand1",
			"from": [23.5, 17, -4],
			"to": [24.5, 21, 21],
			"rotation": {"angle": 22.5, "axis": "z", "origin": [8, 8, 8]},
			"faces": {
				"north": {"uv": [3.125, 12.25, 3.25, 12.75], "texture": "#14"},
				"east": {"uv": [7, 7.125, 10.125, 7.625], "texture": "#14"},
				"south": {"uv": [3.25, 12.25, 3.375, 12.75], "texture": "#14"},
				"west": {"uv": [7.5, 2.625, 10.625, 3.125], "texture": "#14"},
				"up": {"uv": [6.375, 14.375, 6.25, 11.25], "texture": "#14"},
				"down": {"uv": [6.5, 11.25, 6.375, 14.375], "texture": "#14"}
			}
		},
		{
			"name": "glas2",
			"from": [19, 11, 6],
			"to": [20, 20, 15],
			"faces": {
				"north": {"uv": [10.75, 11.875, 10.875, 13], "texture": "#14"},
				"east": {"uv": [9.25, 0.875, 10.375, 2], "texture": "#14"},
				"south": {"uv": [10.875, 11.875, 11, 13], "texture": "#14"},
				"west": {"uv": [3, 9.25, 4.125, 10.375], "texture": "#14"},
				"up": {"uv": [11.125, 13, 11, 11.875], "texture": "#14"},
				"down": {"uv": [12, 11.375, 11.875, 12.5], "texture": "#14"}
			}
		},
		{
			"name": "wand1",
			"from": [19, 11, 16],
			"to": [20, 20, 21],
			"faces": {
				"north": {"uv": [1, 12, 1.125, 13.125], "texture": "#14"},
				"east": {"uv": [9.75, 9.125, 10.375, 10.25], "texture": "#14"},
				"south": {"uv": [1.125, 12, 1.25, 13.125], "texture": "#14"},
				"west": {"uv": [7, 9.875, 7.625, 11], "texture": "#14"},
				"up": {"uv": [12.25, 12.625, 12.125, 12], "texture": "#14"},
				"down": {"uv": [2.875, 12.25, 2.75, 12.875], "texture": "#14"}
			}
		},
		{
			"name": "wand2",
			"from": [19.8, 8, 17.5],
			"to": [20.05, 10, 20.5],
			"faces": {
				"north": {"uv": [12.875, 12.875, 13, 13.125], "texture": "#14"},
				"east": {"uv": [4.125, 12.125, 4.5, 12.375], "texture": "#14"},
				"south": {"uv": [0, 13, 0.125, 13.25], "texture": "#14"},
				"west": {"uv": [12.125, 9.125, 12.5, 9.375], "texture": "#14"},
				"up": {"uv": [8.375, 13, 8.25, 12.625], "texture": "#14"},
				"down": {"uv": [11.25, 12.625, 11.125, 13], "texture": "#14"}
			}
		},
		{
			"name": "wand1",
			"from": [-3, 5, 18],
			"to": [5, 23, 21],
			"faces": {
				"north": {"uv": [6.5, 2.625, 7.5, 4.875], "texture": "#14"},
				"east": {"uv": [1, 9.375, 1.375, 11.625], "texture": "#14"},
				"south": {"uv": [0, 7.125, 1, 9.375], "texture": "#14"},
				"west": {"uv": [1.375, 9.375, 1.75, 11.625], "texture": "#14"},
				"up": {"uv": [12.125, 9.5, 11.125, 9.125], "texture": "#14"},
				"down": {"uv": [12.25, 4.875, 11.25, 5.25], "texture": "#14"}
			}
		},
		{
			"name": "wand1",
			"from": [11, 5, 18],
			"to": [19, 23, 21],
			"faces": {
				"north": {"uv": [1, 7.125, 2, 9.375], "texture": "#14"},
				"east": {"uv": [1.75, 9.375, 2.125, 11.625], "texture": "#14"},
				"south": {"uv": [2, 7.125, 3, 9.375], "texture": "#14"},
				"west": {"uv": [2.125, 9.375, 2.5, 11.625], "texture": "#14"},
				"up": {"uv": [10.25, 11.625, 9.25, 11.25], "texture": "#14"},
				"down": {"uv": [12.25, 9.5, 11.25, 9.875], "texture": "#14"}
			}
		},
		{
			"name": "wand1",
			"from": [5, 20, 18.5],
			"to": [11, 23, 21],
			"faces": {
				"north": {"uv": [9.375, 6.75, 10.125, 7.125], "texture": "#14"},
				"east": {"uv": [11.75, 4.375, 12.125, 4.75], "texture": "#14"},
				"south": {"uv": [9.625, 0.5, 10.375, 0.875], "texture": "#14"},
				"west": {"uv": [11.875, 7.625, 12.25, 8], "texture": "#14"},
				"up": {"uv": [3.25, 11.75, 2.5, 11.375], "texture": "#14"},
				"down": {"uv": [12.125, 2.625, 11.375, 3], "texture": "#14"}
			}
		},
		{
			"name": "boden",
			"from": [-3, 2, 13],
			"to": [19, 3, 20],
			"rotation": {"angle": -22.5, "axis": "x", "origin": [8, 8, 8]},
			"faces": {
				"north": {"uv": [11.375, 1.375, 14.125, 1.5], "texture": "#14"},
				"east": {"uv": [12.125, 4.125, 13, 4.25], "texture": "#14"},
				"south": {"uv": [11.375, 1.5, 14.125, 1.625], "texture": "#14"},
				"west": {"uv": [12.125, 4.25, 13, 4.375], "texture": "#14"},
				"up": {"uv": [9.25, 1.75, 6.5, 0.875], "texture": "#14"},
				"down": {"uv": [9.25, 1.75, 6.5, 2.625], "texture": "#14"}
			}
		},
		{
			"name": "boden",
			"from": [4, 7.25, 21],
			"to": [12, 8.25, 25],
			"faces": {
				"north": {"uv": [11.375, 8, 12.375, 8.125], "texture": "#14"},
				"east": {"uv": [12.125, 9.375, 12.625, 9.5], "texture": "#14"},
				"south": {"uv": [12, 8.25, 13, 8.375], "texture": "#14"},
				"west": {"uv": [12.25, 3.25, 12.75, 3.375], "texture": "#14"},
				"up": {"uv": [10.625, 0.5, 9.625, 0], "texture": "#14"},
				"down": {"uv": [8.625, 9.875, 7.625, 10.375], "texture": "#14"}
			}
		},
		{
			"name": "boden",
			"from": [5, 3.25, 20],
			"to": [11, 6.25, 22],
			"faces": {
				"north": {"uv": [11.375, 3, 12.125, 3.375], "texture": "#14"},
				"east": {"uv": [10.125, 7.25, 10.375, 7.625], "texture": "#14"},
				"south": {"uv": [3.25, 11.375, 4, 11.75], "texture": "#14"},
				"west": {"uv": [12.125, 9.875, 12.375, 10.25], "texture": "#14"},
				"up": {"uv": [12.125, 4.375, 11.375, 4.125], "texture": "#14"},
				"down": {"uv": [8.375, 11.375, 7.625, 11.625], "texture": "#14"}
			}
		},
		{
			"name": "boden",
			"from": [6.5, 3, 21],
			"to": [9.5, 5, 25],
			"faces": {
				"north": {"uv": [12.125, 10.25, 12.5, 10.5], "texture": "#14"},
				"east": {"uv": [10.375, 1.5, 10.875, 1.75], "texture": "#14"},
				"south": {"uv": [12.125, 10.5, 12.5, 10.75], "texture": "#14"},
				"west": {"uv": [12, 8.375, 12.5, 8.625], "texture": "#14"},
				"up": {"uv": [10.75, 10.25, 10.375, 9.75], "texture": "#14"},
				"down": {"uv": [10.625, 11.25, 10.25, 11.75], "texture": "#14"}
			}
		},
		{
			"name": "g",
			"from": [-2, 5, 21],
			"to": [4, 22, 25],
			"faces": {
				"north": {"uv": [3, 7.125, 3.75, 9.25], "texture": "#14"},
				"east": {"uv": [5.25, 9.25, 5.75, 11.375], "texture": "#14"},
				"south": {"uv": [3.75, 7.125, 4.5, 9.25], "texture": "#14"},
				"west": {"uv": [9.25, 9.125, 9.75, 11.25], "texture": "#14"},
				"up": {"uv": [12, 10.375, 11.25, 9.875], "texture": "#14"},
				"down": {"uv": [12, 10.375, 11.25, 10.875], "texture": "#14"}
			}
		},
		{
			"name": "g",
			"from": [12, 5, 21],
			"to": [18, 22, 25],
			"faces": {
				"north": {"uv": [4.5, 7.125, 5.25, 9.25], "texture": "#14"},
				"east": {"uv": [0, 9.375, 0.5, 11.5], "texture": "#14"},
				"south": {"uv": [5.25, 7.125, 6, 9.25], "texture": "#14"},
				"west": {"uv": [0.5, 9.375, 1, 11.5], "texture": "#14"},
				"up": {"uv": [12, 11.375, 11.25, 10.875], "texture": "#14"},
				"down": {"uv": [12.125, 0, 11.375, 0.5], "texture": "#14"}
			}
		},
		{
			"name": "g",
			"from": [4, 20.5, 21],
			"to": [12, 23.5, 25],
			"faces": {
				"north": {"uv": [11.375, 0.5, 12.375, 0.875], "texture": "#14"},
				"east": {"uv": [5.25, 11.375, 5.75, 11.75], "texture": "#14"},
				"south": {"uv": [11.375, 0.875, 12.375, 1.25], "texture": "#14"},
				"west": {"uv": [11.375, 7.625, 11.875, 8], "texture": "#14"},
				"up": {"uv": [11.125, 7.25, 10.125, 6.75], "texture": "#14"},
				"down": {"uv": [11.25, 4.875, 10.25, 5.375], "texture": "#14"}
			}
		},
		{
			"name": "seat",
			"from": [15, 8, -4],
			"to": [19, 9, -1],
			"faces": {
				"north": {"uv": [12.25, 3.375, 12.75, 3.5], "texture": "#14"},
				"east": {"uv": [10.625, 6, 11, 6.125], "texture": "#14"},
				"south": {"uv": [12.25, 3.5, 12.75, 3.625], "texture": "#14"},
				"west": {"uv": [12.625, 1, 13, 1.125], "texture": "#14"},
				"up": {"uv": [11.75, 11.75, 11.25, 11.375], "texture": "#14"},
				"down": {"uv": [0.5, 11.5, 0, 11.875], "texture": "#14"}
			}
		},
		{
			"name": "seat",
			"from": [10.5, 8, -4],
			"to": [14.5, 9, -1],
			"faces": {
				"north": {"uv": [12.25, 3.625, 12.75, 3.75], "texture": "#14"},
				"east": {"uv": [12.625, 6, 13, 6.125], "texture": "#14"},
				"south": {"uv": [12.25, 3.75, 12.75, 3.875], "texture": "#14"},
				"west": {"uv": [12.625, 9.375, 13, 9.5], "texture": "#14"},
				"up": {"uv": [1, 11.875, 0.5, 11.5], "texture": "#14"},
				"down": {"uv": [12, 8.25, 11.5, 8.625], "texture": "#14"}
			}
		},
		{
			"name": "seat",
			"from": [10, 11, -4.5],
			"to": [10.5, 11.5, -1],
			"faces": {
				"north": {"uv": [8.5, 13, 8.625, 13.125], "texture": "#14"},
				"east": {"uv": [12.25, 3.875, 12.75, 4], "texture": "#14"},
				"south": {"uv": [13, 8.5, 13.125, 8.625], "texture": "#14"},
				"west": {"uv": [12.25, 4, 12.75, 4.125], "texture": "#14"},
				"up": {"uv": [3.5, 12.75, 3.375, 12.25], "texture": "#14"},
				"down": {"uv": [3.625, 12.25, 3.5, 12.75], "texture": "#14"}
			}
		},
		{
			"name": "seat",
			"from": [10, 8.5, -2],
			"to": [10.5, 11, -1.5],
			"faces": {
				"north": {"uv": [12.125, 12.625, 12.25, 13], "texture": "#14"},
				"east": {"uv": [12.5, 12.625, 12.625, 13], "texture": "#14"},
				"south": {"uv": [12.625, 12.625, 12.75, 13], "texture": "#14"},
				"west": {"uv": [2.875, 12.75, 3, 13.125], "texture": "#14"},
				"up": {"uv": [13.125, 8.875, 13, 8.75], "texture": "#14"},
				"down": {"uv": [13.125, 8.875, 13, 9], "texture": "#14"}
			}
		},
		{
			"name": "seat",
			"from": [14.5, 11, -4.5],
			"to": [15, 11.5, -1],
			"faces": {
				"north": {"uv": [13, 9, 13.125, 9.125], "texture": "#14"},
				"east": {"uv": [12.25, 4.875, 12.75, 5], "texture": "#14"},
				"south": {"uv": [9.125, 13, 9.25, 13.125], "texture": "#14"},
				"west": {"uv": [12.25, 5, 12.75, 5.125], "texture": "#14"},
				"up": {"uv": [3.75, 12.75, 3.625, 12.25], "texture": "#14"},
				"down": {"uv": [6.625, 12.25, 6.5, 12.75], "texture": "#14"}
			}
		},
		{
			"name": "seat",
			"from": [14.5, 8.5, -2],
			"to": [15, 11, -1.5],
			"faces": {
				"north": {"uv": [3, 12.75, 3.125, 13.125], "texture": "#14"},
				"east": {"uv": [3.125, 12.75, 3.25, 13.125], "texture": "#14"},
				"south": {"uv": [3.25, 12.75, 3.375, 13.125], "texture": "#14"},
				"west": {"uv": [12.75, 3.25, 12.875, 3.625], "texture": "#14"},
				"up": {"uv": [13.125, 9.25, 13, 9.125], "texture": "#14"},
				"down": {"uv": [9.375, 13, 9.25, 13.125], "texture": "#14"}
			}
		},
		{
			"name": "seat",
			"from": [5.5, 11, -4.5],
			"to": [6, 11.5, -1],
			"faces": {
				"north": {"uv": [13, 9.25, 13.125, 9.375], "texture": "#14"},
				"east": {"uv": [12.25, 5.125, 12.75, 5.25], "texture": "#14"},
				"south": {"uv": [9.375, 13, 9.5, 13.125], "texture": "#14"},
				"west": {"uv": [12.25, 7.625, 12.75, 7.75], "texture": "#14"},
				"up": {"uv": [6.75, 12.75, 6.625, 12.25], "texture": "#14"},
				"down": {"uv": [12.375, 10.75, 12.25, 11.25], "texture": "#14"}
			}
		},
		{
			"name": "seat",
			"from": [5.5, 8.5, -2],
			"to": [6, 11, -1.5],
			"faces": {
				"north": {"uv": [3.375, 12.75, 3.5, 13.125], "texture": "#14"},
				"east": {"uv": [3.5, 12.75, 3.625, 13.125], "texture": "#14"},
				"south": {"uv": [3.625, 12.75, 3.75, 13.125], "texture": "#14"},
				"west": {"uv": [12.75, 3.625, 12.875, 4], "texture": "#14"},
				"up": {"uv": [13.125, 9.5, 13, 9.375], "texture": "#14"},
				"down": {"uv": [9.625, 13, 9.5, 13.125], "texture": "#14"}
			}
		},
		{
			"name": "seat",
			"from": [1, 8.5, -2],
			"to": [1.5, 11, -1.5],
			"faces": {
				"north": {"uv": [4.625, 12.75, 4.75, 13.125], "texture": "#14"},
				"east": {"uv": [4.75, 12.75, 4.875, 13.125], "texture": "#14"},
				"south": {"uv": [12.75, 4.875, 12.875, 5.25], "texture": "#14"},
				"west": {"uv": [6.5, 12.75, 6.625, 13.125], "texture": "#14"},
				"up": {"uv": [13.125, 9.625, 13, 9.5], "texture": "#14"},
				"down": {"uv": [9.75, 13, 9.625, 13.125], "texture": "#14"}
			}
		},
		{
			"name": "seat",
			"from": [1, 11, -4.5],
			"to": [1.5, 11.5, -1],
			"faces": {
				"north": {"uv": [13, 9.625, 13.125, 9.75], "texture": "#14"},
				"east": {"uv": [12.25, 7.75, 12.75, 7.875], "texture": "#14"},
				"south": {"uv": [9.75, 13, 9.875, 13.125], "texture": "#14"},
				"west": {"uv": [12.25, 7.875, 12.75, 8], "texture": "#14"},
				"up": {"uv": [12.375, 11.75, 12.25, 11.25], "texture": "#14"},
				"down": {"uv": [12.375, 11.75, 12.25, 12.25], "texture": "#14"}
			}
		},
		{
			"name": "seat",
			"from": [5.5, 11, 2],
			"to": [6, 11.5, 5.5],
			"rotation": {"angle": 0, "axis": "y", "origin": [0, 0, 16]},
			"faces": {
				"north": {"uv": [13, 9.75, 13.125, 9.875], "texture": "#14"},
				"east": {"uv": [12.25, 9.5, 12.75, 9.625], "texture": "#14"},
				"south": {"uv": [9.875, 13, 10, 13.125], "texture": "#14"},
				"west": {"uv": [12.25, 9.625, 12.75, 9.75], "texture": "#14"},
				"up": {"uv": [12.375, 12.75, 12.25, 12.25], "texture": "#14"},
				"down": {"uv": [12.5, 0, 12.375, 0.5], "texture": "#14"}
			}
		},
		{
			"name": "seat",
			"from": [5.5, 8.5, 2.5],
			"to": [6, 11, 3],
			"rotation": {"angle": 0, "axis": "y", "origin": [0, 0, 16]},
			"faces": {
				"north": {"uv": [6.625, 12.75, 6.75, 13.125], "texture": "#14"},
				"east": {"uv": [12.75, 7.625, 12.875, 8], "texture": "#14"},
				"south": {"uv": [12.75, 9.5, 12.875, 9.875], "texture": "#14"},
				"west": {"uv": [11.75, 12.75, 11.875, 13.125], "texture": "#14"},
				"up": {"uv": [13.125, 10, 13, 9.875], "texture": "#14"},
				"down": {"uv": [10.125, 13, 10, 13.125], "texture": "#14"}
			}
		},
		{
			"name": "seat",
			"from": [1, 8.5, 2.5],
			"to": [1.5, 11, 3],
			"rotation": {"angle": 0, "axis": "y", "origin": [0, 0, 16]},
			"faces": {
				"north": {"uv": [11.875, 12.75, 12, 13.125], "texture": "#14"},
				"east": {"uv": [12.25, 12.75, 12.375, 13.125], "texture": "#14"},
				"south": {"uv": [12.375, 12.75, 12.5, 13.125], "texture": "#14"},
				"west": {"uv": [12.75, 12.625, 12.875, 13], "texture": "#14"},
				"up": {"uv": [13.125, 10.125, 13, 10], "texture": "#14"},
				"down": {"uv": [10.25, 13, 10.125, 13.125], "texture": "#14"}
			}
		},
		{
			"name": "seat",
			"from": [1, 11, 2],
			"to": [1.5, 11.5, 5.5],
			"rotation": {"angle": 0, "axis": "y", "origin": [0, 0, 16]},
			"faces": {
				"north": {"uv": [13, 10.125, 13.125, 10.25], "texture": "#14"},
				"east": {"uv": [12.25, 9.75, 12.75, 9.875], "texture": "#14"},
				"south": {"uv": [13, 10.25, 13.125, 10.375], "texture": "#14"},
				"west": {"uv": [12.375, 0.5, 12.875, 0.625], "texture": "#14"},
				"up": {"uv": [12.5, 1.125, 12.375, 0.625], "texture": "#14"},
				"down": {"uv": [1.375, 12.375, 1.25, 12.875], "texture": "#14"}
			}
		},
		{
			"name": "seat",
			"from": [10, 11, 2],
			"to": [10.5, 11.5, 5.5],
			"rotation": {"angle": 0, "axis": "y", "origin": [0, 0, 16]},
			"faces": {
				"north": {"uv": [13, 10.375, 13.125, 10.5], "texture": "#14"},
				"east": {"uv": [12.375, 1.125, 12.875, 1.25], "texture": "#14"},
				"south": {"uv": [13, 10.5, 13.125, 10.625], "texture": "#14"},
				"west": {"uv": [1.375, 12.375, 1.875, 12.5], "texture": "#14"},
				"up": {"uv": [2, 12.875, 1.875, 12.375], "texture": "#14"},
				"down": {"uv": [2.125, 12.375, 2, 12.875], "texture": "#14"}
			}
		},
		{
			"name": "seat",
			"from": [10, 8.5, 2.5],
			"to": [10.5, 11, 3],
			"rotation": {"angle": 0, "axis": "y", "origin": [0, 0, 16]},
			"faces": {
				"north": {"uv": [1.25, 12.875, 1.375, 13.25], "texture": "#14"},
				"east": {"uv": [1.875, 12.875, 2, 13.25], "texture": "#14"},
				"south": {"uv": [2, 12.875, 2.125, 13.25], "texture": "#14"},
				"west": {"uv": [2.125, 12.875, 2.25, 13.25], "texture": "#14"},
				"up": {"uv": [10.75, 13.125, 10.625, 13], "texture": "#14"},
				"down": {"uv": [13.125, 10.625, 13, 10.75], "texture": "#14"}
			}
		},
		{
			"name": "seat",
			"from": [14.5, 11, 2],
			"to": [15, 11.5, 5.5],
			"rotation": {"angle": 0, "axis": "y", "origin": [0, 0, 16]},
			"faces": {
				"north": {"uv": [10.75, 13, 10.875, 13.125], "texture": "#14"},
				"east": {"uv": [12.375, 1.625, 12.875, 1.75], "texture": "#14"},
				"south": {"uv": [13, 10.75, 13.125, 10.875], "texture": "#14"},
				"west": {"uv": [12.375, 2, 12.875, 2.125], "texture": "#14"},
				"up": {"uv": [2.25, 12.875, 2.125, 12.375], "texture": "#14"},
				"down": {"uv": [12.5, 2.125, 12.375, 2.625], "texture": "#14"}
			}
		},
		{
			"name": "seat",
			"from": [1, 11, 12],
			"to": [1.5, 11.5, 15.5],
			"rotation": {"angle": 0, "axis": "y", "origin": [0, 0, 16]},
			"faces": {
				"north": {"uv": [10.875, 13, 11, 13.125], "texture": "#14"},
				"east": {"uv": [12.375, 2.625, 12.875, 2.75], "texture": "#14"},
				"south": {"uv": [13, 10.875, 13.125, 11], "texture": "#14"},
				"west": {"uv": [12.375, 2.75, 12.875, 2.875], "texture": "#14"},
				"up": {"uv": [2.375, 12.875, 2.25, 12.375], "texture": "#14"},
				"down": {"uv": [4.25, 12.375, 4.125, 12.875], "texture": "#14"}
			}
		},
		{
			"name": "seat",
			"from": [1, 8.5, 12.5],
			"to": [1.5, 11, 13],
			"rotation": {"angle": 0, "axis": "y", "origin": [0, 0, 16]},
			"faces": {
				"north": {"uv": [2.25, 12.875, 2.375, 13.25], "texture": "#14"},
				"east": {"uv": [12.875, 2.625, 13, 3], "texture": "#14"},
				"south": {"uv": [2.75, 12.875, 2.875, 13.25], "texture": "#14"},
				"west": {"uv": [12.875, 3.25, 13, 3.625], "texture": "#14"},
				"up": {"uv": [11.125, 13.125, 11, 13], "texture": "#14"},
				"down": {"uv": [13.125, 11, 13, 11.125], "texture": "#14"}
			}
		},
		{
			"name": "seat",
			"from": [5.5, 11, 12],
			"to": [6, 11.5, 15.5],
			"rotation": {"angle": 0, "axis": "y", "origin": [0, 0, 16]},
			"faces": {
				"north": {"uv": [11.125, 13, 11.25, 13.125], "texture": "#14"},
				"east": {"uv": [12.375, 2.875, 12.875, 3], "texture": "#14"},
				"south": {"uv": [13, 11.125, 13.125, 11.25], "texture": "#14"},
				"west": {"uv": [12.375, 3, 12.875, 3.125], "texture": "#14"},
				"up": {"uv": [4.375, 12.875, 4.25, 12.375], "texture": "#14"},
				"down": {"uv": [4.5, 12.375, 4.375, 12.875], "texture": "#14"}
			}
		},
		{
			"name": "seat",
			"from": [5.5, 8.5, 12.5],
			"to": [6, 11, 13],
			"rotation": {"angle": 0, "axis": "y", "origin": [0, 0, 16]},
			"faces": {
				"north": {"uv": [12.875, 3.625, 13, 4], "texture": "#14"},
				"east": {"uv": [4.125, 12.875, 4.25, 13.25], "texture": "#14"},
				"south": {"uv": [4.25, 12.875, 4.375, 13.25], "texture": "#14"},
				"west": {"uv": [4.375, 12.875, 4.5, 13.25], "texture": "#14"},
				"up": {"uv": [13.125, 11.375, 13, 11.25], "texture": "#14"},
				"down": {"uv": [13.125, 11.375, 13, 11.5], "texture": "#14"}
			}
		},
		{
			"name": "seat",
			"from": [10, 11, 12],
			"to": [10.5, 11.5, 15.5],
			"rotation": {"angle": 0, "axis": "y", "origin": [0, 0, 16]},
			"faces": {
				"north": {"uv": [13, 11.5, 13.125, 11.625], "texture": "#14"},
				"east": {"uv": [12.375, 7.25, 12.875, 7.375], "texture": "#14"},
				"south": {"uv": [13, 11.625, 13.125, 11.75], "texture": "#14"},
				"west": {"uv": [12.375, 7.375, 12.875, 7.5], "texture": "#14"},
				"up": {"uv": [7.75, 12.875, 7.625, 12.375], "texture": "#14"},
				"down": {"uv": [7.875, 12.375, 7.75, 12.875], "texture": "#14"}
			}
		},
		{
			"name": "seat",
			"from": [10, 8.5, 12.5],
			"to": [10.5, 11, 13],
			"rotation": {"angle": 0, "axis": "y", "origin": [0, 0, 16]},
			"faces": {
				"north": {"uv": [4.5, 12.875, 4.625, 13.25], "texture": "#14"},
				"east": {"uv": [4.875, 12.875, 5, 13.25], "texture": "#14"},
				"south": {"uv": [12.875, 4.875, 13, 5.25], "texture": "#14"},
				"west": {"uv": [5.25, 12.875, 5.375, 13.25], "texture": "#14"},
				"up": {"uv": [13.125, 11.875, 13, 11.75], "texture": "#14"},
				"down": {"uv": [13.125, 11.875, 13, 12], "texture": "#14"}
			}
		},
		{
			"name": "seat",
			"from": [14.5, 11, 12],
			"to": [15, 11.5, 15.5],
			"rotation": {"angle": 0, "axis": "y", "origin": [0, 0, 16]},
			"faces": {
				"north": {"uv": [13, 12, 13.125, 12.125], "texture": "#14"},
				"east": {"uv": [12.375, 7.5, 12.875, 7.625], "texture": "#14"},
				"south": {"uv": [12.125, 13, 12.25, 13.125], "texture": "#14"},
				"west": {"uv": [7.875, 12.375, 8.375, 12.5], "texture": "#14"},
				"up": {"uv": [12.5, 11.25, 12.375, 10.75], "texture": "#14"},
				"down": {"uv": [12.5, 11.25, 12.375, 11.75], "texture": "#14"}
			}
		},
		{
			"name": "seat",
			"from": [14.5, 11, 5.5],
			"to": [15, 11.5, 9],
			"faces": {
				"north": {"uv": [13, 12.125, 13.125, 12.25], "texture": "#14"},
				"east": {"uv": [12.375, 8, 12.875, 8.125], "texture": "#14"},
				"south": {"uv": [13, 12.25, 13.125, 12.375], "texture": "#14"},
				"west": {"uv": [12.375, 8.75, 12.875, 8.875], "texture": "#14"},
				"up": {"uv": [12.5, 12.25, 12.375, 11.75], "texture": "#14"},
				"down": {"uv": [12.5, 12.25, 12.375, 12.75], "texture": "#14"}
			}
		},
		{
			"name": "seat",
			"from": [14.5, 8.5, 8],
			"to": [15, 11, 8.5],
			"faces": {
				"north": {"uv": [5.375, 12.875, 5.5, 13.25], "texture": "#14"},
				"east": {"uv": [5.5, 12.875, 5.625, 13.25], "texture": "#14"},
				"south": {"uv": [5.625, 12.875, 5.75, 13.25], "texture": "#14"},
				"west": {"uv": [12.875, 7.25, 13, 7.625], "texture": "#14"},
				"up": {"uv": [13.125, 12.5, 13, 12.375], "texture": "#14"},
				"down": {"uv": [12.625, 13, 12.5, 13.125], "texture": "#14"}
			}
		},
		{
			"name": "seat",
			"from": [10, 11, 5.5],
			"to": [10.5, 11.5, 9],
			"faces": {
				"north": {"uv": [13, 12.5, 13.125, 12.625], "texture": "#14"},
				"east": {"uv": [12.375, 8.875, 12.875, 9], "texture": "#14"},
				"south": {"uv": [12.625, 13, 12.75, 13.125], "texture": "#14"},
				"west": {"uv": [12.375, 9, 12.875, 9.125], "texture": "#14"},
				"up": {"uv": [12.625, 0.5, 12.5, 0], "texture": "#14"},
				"down": {"uv": [12.625, 0.625, 12.5, 1.125], "texture": "#14"}
			}
		},
		{
			"name": "seat",
			"from": [10, 8.5, 8],
			"to": [10.5, 11, 8.5],
			"faces": {
				"north": {"uv": [7.625, 12.875, 7.75, 13.25], "texture": "#14"},
				"east": {"uv": [12.875, 7.625, 13, 8], "texture": "#14"},
				"south": {"uv": [7.75, 12.875, 7.875, 13.25], "texture": "#14"},
				"west": {"uv": [8.625, 12.875, 8.75, 13.25], "texture": "#14"},
				"up": {"uv": [12.875, 13.125, 12.75, 13], "texture": "#14"},
				"down": {"uv": [13.125, 12.875, 13, 13], "texture": "#14"}
			}
		},
		{
			"name": "seat",
			"from": [5.5, 11, 5.5],
			"to": [6, 11.5, 9],
			"faces": {
				"north": {"uv": [13, 13, 13.125, 13.125], "texture": "#14"},
				"east": {"uv": [12.375, 9.875, 12.875, 10], "texture": "#14"},
				"south": {"uv": [13.125, 0, 13.25, 0.125], "texture": "#14"},
				"west": {"uv": [12.375, 10, 12.875, 10.125], "texture": "#14"},
				"up": {"uv": [1.5, 13, 1.375, 12.5], "texture": "#14"},
				"down": {"uv": [1.625, 12.5, 1.5, 13], "texture": "#14"}
			}
		},
		{
			"name": "seat",
			"from": [5.5, 8.5, 8],
			"to": [6, 11, 8.5],
			"faces": {
				"north": {"uv": [8.75, 12.875, 8.875, 13.25], "texture": "#14"},
				"east": {"uv": [12.875, 8.75, 13, 9.125], "texture": "#14"},
				"south": {"uv": [8.875, 12.875, 9, 13.25], "texture": "#14"},
				"west": {"uv": [9, 12.875, 9.125, 13.25], "texture": "#14"},
				"up": {"uv": [0.25, 13.25, 0.125, 13.125], "texture": "#14"},
				"down": {"uv": [13.25, 0.125, 13.125, 0.25], "texture": "#14"}
			}
		},
		{
			"name": "seat",
			"from": [1, 11, 5.5],
			"to": [1.5, 11.5, 9],
			"faces": {
				"north": {"uv": [0.25, 13.125, 0.375, 13.25], "texture": "#14"},
				"east": {"uv": [12.375, 10.125, 12.875, 10.25], "texture": "#14"},
				"south": {"uv": [13.125, 0.25, 13.25, 0.375], "texture": "#14"},
				"west": {"uv": [12.5, 2.125, 13, 2.25], "texture": "#14"},
				"up": {"uv": [1.75, 13, 1.625, 12.5], "texture": "#14"},
				"down": {"uv": [1.875, 12.5, 1.75, 13], "texture": "#14"}
			}
		},
		{
			"name": "seat",
			"from": [1, 8.5, 8],
			"to": [1.5, 11, 8.5],
			"faces": {
				"north": {"uv": [12.875, 9.5, 13, 9.875], "texture": "#14"},
				"east": {"uv": [12.875, 9.875, 13, 10.25], "texture": "#14"},
				"south": {"uv": [10.25, 12.875, 10.375, 13.25], "texture": "#14"},
				"west": {"uv": [10.375, 12.875, 10.5, 13.25], "texture": "#14"},
				"up": {"uv": [0.5, 13.25, 0.375, 13.125], "texture": "#14"},
				"down": {"uv": [13.25, 0.375, 13.125, 0.5], "texture": "#14"}
			}
		},
		{
			"name": "seat",
			"from": [14.5, 8.5, 2.5],
			"to": [15, 11, 3],
			"rotation": {"angle": 0, "axis": "y", "origin": [0, 0, 16]},
			"faces": {
				"north": {"uv": [10.5, 12.875, 10.625, 13.25], "texture": "#14"},
				"east": {"uv": [11.25, 12.875, 11.375, 13.25], "texture": "#14"},
				"south": {"uv": [11.375, 12.875, 11.5, 13.25], "texture": "#14"},
				"west": {"uv": [11.5, 12.875, 11.625, 13.25], "texture": "#14"},
				"up": {"uv": [0.625, 13.25, 0.5, 13.125], "texture": "#14"},
				"down": {"uv": [0.75, 13.125, 0.625, 13.25], "texture": "#14"}
			}
		},
		{
			"name": "seat",
			"from": [1.5, 8, -4],
			"to": [5.5, 9, -1],
			"faces": {
				"north": {"uv": [12.5, 2.25, 13, 2.375], "texture": "#14"},
				"east": {"uv": [12.75, 4, 13.125, 4.125], "texture": "#14"},
				"south": {"uv": [12.5, 2.375, 13, 2.5], "texture": "#14"},
				"west": {"uv": [12.75, 6.125, 13.125, 6.25], "texture": "#14"},
				"up": {"uv": [11.125, 11.875, 10.625, 11.5], "texture": "#14"},
				"down": {"uv": [1.5, 11.625, 1, 12], "texture": "#14"}
			}
		},
		{
			"name": "seat",
			"from": [-3, 8, -4],
			"to": [1, 9, -1],
			"faces": {
				"north": {"uv": [12.5, 2.5, 13, 2.625], "texture": "#14"},
				"east": {"uv": [12.875, 0.5, 13.25, 0.625], "texture": "#14"},
				"south": {"uv": [12.5, 6.25, 13, 6.375], "texture": "#14"},
				"west": {"uv": [12.875, 0.75, 13.25, 0.875], "texture": "#14"},
				"up": {"uv": [2, 12, 1.5, 11.625], "texture": "#14"},
				"down": {"uv": [2.5, 11.625, 2, 12], "texture": "#14"}
			}
		},
		{
			"name": "seat",
			"from": [15, 8, 2],
			"to": [19, 9, 9],
			"faces": {
				"north": {"uv": [12.5, 6.375, 13, 6.5], "texture": "#14"},
				"east": {"uv": [12.125, 4.375, 13, 4.5], "texture": "#14"},
				"south": {"uv": [12.5, 6.5, 13, 6.625], "texture": "#14"},
				"west": {"uv": [12.125, 4.5, 13, 4.625], "texture": "#14"},
				"up": {"uv": [11.25, 10.625, 10.75, 9.75], "texture": "#14"},
				"down": {"uv": [11.25, 10.625, 10.75, 11.5], "texture": "#14"}
			}
		},
		{
			"name": "seat",
			"from": [10.5, 8, 2],
			"to": [14.5, 9, 9],
			"faces": {
				"north": {"uv": [12.5, 6.625, 13, 6.75], "texture": "#14"},
				"east": {"uv": [12.125, 4.625, 13, 4.75], "texture": "#14"},
				"south": {"uv": [7.875, 12.5, 8.375, 12.625], "texture": "#14"},
				"west": {"uv": [12.125, 5.375, 13, 5.5], "texture": "#14"},
				"up": {"uv": [11.375, 0.875, 10.875, 0], "texture": "#14"},
				"down": {"uv": [11.375, 0.875, 10.875, 1.75], "texture": "#14"}
			}
		},
		{
			"name": "seat",
			"from": [1.5, 8, 2],
			"to": [5.5, 9, 9],
			"faces": {
				"north": {"uv": [12.5, 8.375, 13, 8.5], "texture": "#14"},
				"east": {"uv": [12.125, 5.5, 13, 5.625], "texture": "#14"},
				"south": {"uv": [12.5, 8.5, 13, 8.625], "texture": "#14"},
				"west": {"uv": [12.125, 5.625, 13, 5.75], "texture": "#14"},
				"up": {"uv": [11.375, 3.5, 10.875, 2.625], "texture": "#14"},
				"down": {"uv": [11.375, 3.5, 10.875, 4.375], "texture": "#14"}
			}
		},
		{
			"name": "seat",
			"from": [-3, 8, 2],
			"to": [1, 9, 9],
			"faces": {
				"north": {"uv": [12.5, 9.125, 13, 9.25], "texture": "#14"},
				"east": {"uv": [12.125, 5.75, 13, 5.875], "texture": "#14"},
				"south": {"uv": [12.5, 9.25, 13, 9.375], "texture": "#14"},
				"west": {"uv": [12.125, 5.875, 13, 6], "texture": "#14"},
				"up": {"uv": [11.375, 8.125, 10.875, 7.25], "texture": "#14"},
				"down": {"uv": [9.125, 10.875, 8.625, 11.75], "texture": "#14"}
			}
		},
		{
			"name": "seat",
			"from": [15, 8, 12],
			"to": [19, 9, 15],
			"faces": {
				"north": {"uv": [12.5, 10.25, 13, 10.375], "texture": "#14"},
				"east": {"uv": [12.875, 0.875, 13.25, 1], "texture": "#14"},
				"south": {"uv": [12.5, 10.375, 13, 10.5], "texture": "#14"},
				"west": {"uv": [12.875, 1.125, 13.25, 1.25], "texture": "#14"},
				"up": {"uv": [8.125, 12, 7.625, 11.625], "texture": "#14"},
				"down": {"uv": [8.625, 11.625, 8.125, 12], "texture": "#14"}
			}
		},
		{
			"name": "seat",
			"from": [10.5, 8, 12],
			"to": [14.5, 9, 15],
			"faces": {
				"north": {"uv": [12.5, 10.5, 13, 10.625], "texture": "#14"},
				"east": {"uv": [12.875, 1.625, 13.25, 1.75], "texture": "#14"},
				"south": {"uv": [12.5, 10.625, 13, 10.75], "texture": "#14"},
				"west": {"uv": [12.875, 2, 13.25, 2.125], "texture": "#14"},
				"up": {"uv": [9.75, 12, 9.25, 11.625], "texture": "#14"},
				"down": {"uv": [10.25, 11.625, 9.75, 12], "texture": "#14"}
			}
		},
		{
			"name": "seat",
			"from": [1.5, 8, 12],
			"to": [5.5, 9, 15],
			"faces": {
				"north": {"uv": [12.5, 10.75, 13, 10.875], "texture": "#14"},
				"east": {"uv": [12.875, 3, 13.25, 3.125], "texture": "#14"},
				"south": {"uv": [12.5, 10.875, 13, 11], "texture": "#14"},
				"west": {"uv": [12.875, 8, 13.25, 8.125], "texture": "#14"},
				"up": {"uv": [3, 12.125, 2.5, 11.75], "texture": "#14"},
				"down": {"uv": [3.5, 11.75, 3, 12.125], "texture": "#14"}
			}
		},
		{
			"name": "seat",
			"from": [-3, 8, 12],
			"to": [1, 9, 15],
			"faces": {
				"north": {"uv": [12.5, 11, 13, 11.125], "texture": "#14"},
				"east": {"uv": [12.875, 12.625, 13.25, 12.75], "texture": "#14"},
				"south": {"uv": [12.5, 11.125, 13, 11.25], "texture": "#14"},
				"west": {"uv": [12.875, 12.75, 13.25, 12.875], "texture": "#14"},
				"up": {"uv": [4, 12.125, 3.5, 11.75], "texture": "#14"},
				"down": {"uv": [4.5, 11.75, 4, 12.125], "texture": "#14"}
			}
		},
		{
			"name": "seat",
			"from": [15, 8, 15],
			"to": [19, 16, 16],
			"faces": {
				"north": {"uv": [2.5, 9.375, 3, 10.375], "texture": "#14"},
				"east": {"uv": [2.375, 12, 2.5, 13], "texture": "#14"},
				"south": {"uv": [8.625, 9.875, 9.125, 10.875], "texture": "#14"},
				"west": {"uv": [8.375, 12, 8.5, 13], "texture": "#14"},
				"up": {"uv": [13, 11.375, 12.5, 11.25], "texture": "#14"},
				"down": {"uv": [13, 11.375, 12.5, 11.5], "texture": "#14"}
			}
		},
		{
			"name": "seat",
			"from": [10.5, 8, 15],
			"to": [14.5, 16, 16],
			"faces": {
				"north": {"uv": [5.75, 10.25, 6.25, 11.25], "texture": "#14"},
				"east": {"uv": [8.5, 12, 8.625, 13], "texture": "#14"},
				"south": {"uv": [6.25, 10.25, 6.75, 11.25], "texture": "#14"},
				"west": {"uv": [9.25, 12, 9.375, 13], "texture": "#14"},
				"up": {"uv": [13, 11.625, 12.5, 11.5], "texture": "#14"},
				"down": {"uv": [13, 11.625, 12.5, 11.75], "texture": "#14"}
			}
		},
		{
			"name": "seat",
			"from": [-3, 8, 15],
			"to": [1, 16, 16],
			"faces": {
				"north": {"uv": [9.75, 10.25, 10.25, 11.25], "texture": "#14"},
				"east": {"uv": [9.375, 12, 9.5, 13], "texture": "#14"},
				"south": {"uv": [10.25, 10.25, 10.75, 11.25], "texture": "#14"},
				"west": {"uv": [9.5, 12, 9.625, 13], "texture": "#14"},
				"up": {"uv": [13, 11.875, 12.5, 11.75], "texture": "#14"},
				"down": {"uv": [13, 11.875, 12.5, 12], "texture": "#14"}
			}
		},
		{
			"name": "seat",
			"from": [1.5, 8, 15],
			"to": [5.5, 16, 16],
			"faces": {
				"north": {"uv": [10.375, 0.5, 10.875, 1.5], "texture": "#14"},
				"east": {"uv": [9.625, 12, 9.75, 13], "texture": "#14"},
				"south": {"uv": [2.5, 10.375, 3, 11.375], "texture": "#14"},
				"west": {"uv": [9.75, 12, 9.875, 13], "texture": "#14"},
				"up": {"uv": [13, 12.125, 12.5, 12], "texture": "#14"},
				"down": {"uv": [13, 12.125, 12.5, 12.25], "texture": "#14"}
			}
		},
		{
			"name": "seat",
			"from": [1.5, 8, 5],
			"to": [5.5, 16, 6],
			"faces": {
				"north": {"uv": [3, 10.375, 3.5, 11.375], "texture": "#14"},
				"east": {"uv": [9.875, 12, 10, 13], "texture": "#14"},
				"south": {"uv": [10.375, 3.125, 10.875, 4.125], "texture": "#14"},
				"west": {"uv": [12, 9.875, 12.125, 10.875], "texture": "#14"},
				"up": {"uv": [13, 12.375, 12.5, 12.25], "texture": "#14"},
				"down": {"uv": [13, 12.375, 12.5, 12.5], "texture": "#14"}
			}
		},
		{
			"name": "seat",
			"from": [-3, 8, 5],
			"to": [1, 16, 6],
			"faces": {
				"north": {"uv": [3.5, 10.375, 4, 11.375], "texture": "#14"},
				"east": {"uv": [10, 12, 10.125, 13], "texture": "#14"},
				"south": {"uv": [4, 10.375, 4.5, 11.375], "texture": "#14"},
				"west": {"uv": [10.125, 12, 10.25, 13], "texture": "#14"},
				"up": {"uv": [13, 12.625, 12.5, 12.5], "texture": "#14"},
				"down": {"uv": [13.125, 0, 12.625, 0.125], "texture": "#14"}
			}
		},
		{
			"name": "seat",
			"from": [10.5, 8, 5],
			"to": [14.5, 16, 6],
			"faces": {
				"north": {"uv": [4.5, 10.375, 5, 11.375], "texture": "#14"},
				"east": {"uv": [12, 10.875, 12.125, 11.875], "texture": "#14"},
				"south": {"uv": [10.375, 7.25, 10.875, 8.25], "texture": "#14"},
				"west": {"uv": [12, 11.875, 12.125, 12.875], "texture": "#14"},
				"up": {"uv": [13.125, 0.25, 12.625, 0.125], "texture": "#14"},
				"down": {"uv": [13.125, 0.25, 12.625, 0.375], "texture": "#14"}
			}
		},
		{
			"name": "seat",
			"from": [15, 8, 5],
			"to": [19, 16, 6],
			"faces": {
				"north": {"uv": [7.625, 10.375, 8.125, 11.375], "texture": "#14"},
				"east": {"uv": [2.5, 12.125, 2.625, 13.125], "texture": "#14"},
				"south": {"uv": [8.125, 10.375, 8.625, 11.375], "texture": "#14"},
				"west": {"uv": [2.625, 12.125, 2.75, 13.125], "texture": "#14"},
				"up": {"uv": [13.125, 0.5, 12.625, 0.375], "texture": "#14"},
				"down": {"uv": [13.125, 0.625, 12.625, 0.75], "texture": "#14"}
			}
		},
		{
			"name": "seat",
			"from": [16, 16, 5],
			"to": [18, 17, 6],
			"faces": {
				"north": {"uv": [10.625, 4.25, 10.875, 4.375], "texture": "#14"},
				"east": {"uv": [13.125, 0.625, 13.25, 0.75], "texture": "#14"},
				"south": {"uv": [0.125, 13, 0.375, 13.125], "texture": "#14"},
				"west": {"uv": [0.75, 13.125, 0.875, 13.25], "texture": "#14"},
				"up": {"uv": [0.625, 13.125, 0.375, 13], "texture": "#14"},
				"down": {"uv": [0.875, 13, 0.625, 13.125], "texture": "#14"}
			}
		},
		{
			"name": "seat",
			"from": [11.5, 16, 5],
			"to": [13.5, 17, 6],
			"faces": {
				"north": {"uv": [13, 1, 13.25, 1.125], "texture": "#14"},
				"east": {"uv": [1, 13.125, 1.125, 13.25], "texture": "#14"},
				"south": {"uv": [1.375, 13, 1.625, 13.125], "texture": "#14"},
				"west": {"uv": [1.125, 13.125, 1.25, 13.25], "texture": "#14"},
				"up": {"uv": [1.875, 13.125, 1.625, 13], "texture": "#14"},
				"down": {"uv": [13.25, 2.125, 13, 2.25], "texture": "#14"}
			}
		},
		{
			"name": "seat",
			"from": [2.5, 16, 5],
			"to": [4.5, 17, 6],
			"faces": {
				"north": {"uv": [13, 2.25, 13.25, 2.375], "texture": "#14"},
				"east": {"uv": [1.375, 13.125, 1.5, 13.25], "texture": "#14"},
				"south": {"uv": [13, 2.375, 13.25, 2.5], "texture": "#14"},
				"west": {"uv": [1.5, 13.125, 1.625, 13.25], "texture": "#14"},
				"up": {"uv": [13.25, 2.625, 13, 2.5], "texture": "#14"},
				"down": {"uv": [13.25, 2.625, 13, 2.75], "texture": "#14"}
			}
		},
		{
			"name": "seat",
			"from": [-2, 16, 5],
			"to": [0, 17, 6],
			"faces": {
				"north": {"uv": [13, 2.75, 13.25, 2.875], "texture": "#14"},
				"east": {"uv": [1.625, 13.125, 1.75, 13.25], "texture": "#14"},
				"south": {"uv": [13, 2.875, 13.25, 3], "texture": "#14"},
				"west": {"uv": [1.75, 13.125, 1.875, 13.25], "texture": "#14"},
				"up": {"uv": [13.25, 3.375, 13, 3.25], "texture": "#14"},
				"down": {"uv": [13.25, 3.375, 13, 3.5], "texture": "#14"}
			}
		},
		{
			"name": "seat",
			"from": [-2, 16, 15],
			"to": [0, 17, 16],
			"faces": {
				"north": {"uv": [13, 3.5, 13.25, 3.625], "texture": "#14"},
				"east": {"uv": [2.5, 13.125, 2.625, 13.25], "texture": "#14"},
				"south": {"uv": [13, 3.625, 13.25, 3.75], "texture": "#14"},
				"west": {"uv": [2.625, 13.125, 2.75, 13.25], "texture": "#14"},
				"up": {"uv": [4, 13.125, 3.75, 13], "texture": "#14"},
				"down": {"uv": [13.25, 3.75, 13, 3.875], "texture": "#14"}
			}
		},
		{
			"name": "seat",
			"from": [2.5, 16, 15],
			"to": [4.5, 17, 16],
			"faces": {
				"north": {"uv": [13, 3.875, 13.25, 4], "texture": "#14"},
				"east": {"uv": [2.875, 13.125, 3, 13.25], "texture": "#14"},
				"south": {"uv": [13, 4.125, 13.25, 4.25], "texture": "#14"},
				"west": {"uv": [3, 13.125, 3.125, 13.25], "texture": "#14"},
				"up": {"uv": [13.25, 4.375, 13, 4.25], "texture": "#14"},
				"down": {"uv": [13.25, 4.375, 13, 4.5], "texture": "#14"}
			}
		},
		{
			"name": "seat",
			"from": [11.5, 16, 15],
			"to": [13.5, 17, 16],
			"faces": {
				"north": {"uv": [13, 4.5, 13.25, 4.625], "texture": "#14"},
				"east": {"uv": [3.125, 13.125, 3.25, 13.25], "texture": "#14"},
				"south": {"uv": [13, 4.625, 13.25, 4.75], "texture": "#14"},
				"west": {"uv": [13.125, 3.125, 13.25, 3.25], "texture": "#14"},
				"up": {"uv": [13.25, 5, 13, 4.875], "texture": "#14"},
				"down": {"uv": [13.25, 5, 13, 5.125], "texture": "#14"}
			}
		},
		{
			"name": "seat",
			"from": [16, 16, 15],
			"to": [18, 17, 16],
			"faces": {
				"north": {"uv": [13, 5.125, 13.25, 5.25], "texture": "#14"},
				"east": {"uv": [3.25, 13.125, 3.375, 13.25], "texture": "#14"},
				"south": {"uv": [13, 5.375, 13.25, 5.5], "texture": "#14"},
				"west": {"uv": [3.375, 13.125, 3.5, 13.25], "texture": "#14"},
				"up": {"uv": [13.25, 5.625, 13, 5.5], "texture": "#14"},
				"down": {"uv": [13.25, 5.625, 13, 5.75], "texture": "#14"}
			}
		},
		{
			"name": "detail",
			"from": [15, 6, 15.8],
			"to": [18, 9, 18.8],
			"faces": {
				"north": {"uv": [1.25, 12, 1.625, 12.375], "texture": "#14"},
				"east": {"uv": [1.625, 12, 2, 12.375], "texture": "#14"},
				"south": {"uv": [2, 12, 2.375, 12.375], "texture": "#14"},
				"west": {"uv": [12, 7.25, 12.375, 7.625], "texture": "#14"},
				"up": {"uv": [8, 12.375, 7.625, 12], "texture": "#14"},
				"down": {"uv": [8.375, 12, 8, 12.375], "texture": "#14"}
			}
		},
		{
			"name": "detail",
			"from": [16, 12, 14.5],
			"to": [18, 16, 16.5],
			"rotation": {"angle": 22.5, "axis": "x", "origin": [8, 8, 8]},
			"faces": {
				"north": {"uv": [10.625, 0, 10.875, 0.5], "texture": "#14"},
				"east": {"uv": [10.625, 2.625, 10.875, 3.125], "texture": "#14"},
				"south": {"uv": [12.125, 0, 12.375, 0.5], "texture": "#14"},
				"west": {"uv": [12.125, 2.625, 12.375, 3.125], "texture": "#14"},
				"up": {"uv": [8.625, 11.625, 8.375, 11.375], "texture": "#14"},
				"down": {"uv": [4.875, 12.5, 4.625, 12.75], "texture": "#14"}
			}
		},
		{
			"name": "detail",
			"from": [17.4, 15.8, 15],
			"to": [18, 16.8, 15.7],
			"rotation": {"angle": 22.5, "axis": "x", "origin": [8, 8, 8]},
			"faces": {
				"north": {"uv": [3.5, 13.125, 3.625, 13.25], "texture": "#14"},
				"east": {"uv": [3.625, 13.125, 3.75, 13.25], "texture": "#14"},
				"south": {"uv": [3.75, 13.125, 3.875, 13.25], "texture": "#14"},
				"west": {"uv": [3.875, 13.125, 4, 13.25], "texture": "#14"},
				"up": {"uv": [13.25, 4.125, 13.125, 4], "texture": "#14"},
				"down": {"uv": [4.75, 13.125, 4.625, 13.25], "texture": "#14"}
			}
		},
		{
			"name": "detail",
			"from": [15.9, 14, 14.5],
			"to": [18.1, 15, 16.7],
			"rotation": {"angle": 22.5, "axis": "x", "origin": [8, 8, 8]},
			"faces": {
				"north": {"uv": [13, 5.75, 13.25, 5.875], "texture": "#14"},
				"east": {"uv": [13, 5.875, 13.25, 6], "texture": "#14"},
				"south": {"uv": [13, 6, 13.25, 6.125], "texture": "#14"},
				"west": {"uv": [13, 6.25, 13.25, 6.375], "texture": "#14"},
				"up": {"uv": [12, 12.75, 11.75, 12.5], "texture": "#14"},
				"down": {"uv": [12.875, 0.75, 12.625, 1], "texture": "#14"}
			}
		},
		{
			"name": "detail",
			"from": [1.5, 17, 17],
			"to": [2, 19, 18],
			"faces": {
				"north": {"uv": [0.875, 13, 1, 13.25], "texture": "#14"},
				"east": {"uv": [2.375, 13, 2.5, 13.25], "texture": "#14"},
				"south": {"uv": [4, 13, 4.125, 13.25], "texture": "#14"},
				"west": {"uv": [13, 6.375, 13.125, 6.625], "texture": "#14"},
				"up": {"uv": [4.875, 13.25, 4.75, 13.125], "texture": "#14"},
				"down": {"uv": [13.25, 6.125, 13.125, 6.25], "texture": "#14"}
			}
		},
		{
			"name": "detail",
			"from": [1, 18.5, 17],
			"to": [2.5, 19.1, 18],
			"faces": {
				"north": {"uv": [13, 6.625, 13.25, 6.75], "texture": "#14"},
				"east": {"uv": [13.125, 6.375, 13.25, 6.5], "texture": "#14"},
				"south": {"uv": [13, 7.25, 13.25, 7.375], "texture": "#14"},
				"west": {"uv": [6.5, 13.125, 6.625, 13.25], "texture": "#14"},
				"up": {"uv": [13.25, 7.5, 13, 7.375], "texture": "#14"},
				"down": {"uv": [13.25, 7.5, 13, 7.625], "texture": "#14"}
			}
		},
		{
			"name": "wand1",
			"from": [-4.2, 7.4, 18],
			"to": [-3.2, 8.4, 19.4],
			"faces": {
				"north": {"uv": [13.125, 6.5, 13.25, 6.625], "texture": "#14"},
				"east": {"uv": [6.625, 13.125, 6.75, 13.25], "texture": "#14"},
				"south": {"uv": [7.875, 13.125, 8, 13.25], "texture": "#14"},
				"west": {"uv": [13.125, 7.875, 13.25, 8], "texture": "#14"},
				"up": {"uv": [8.125, 13.25, 8, 13.125], "texture": "#14"},
				"down": {"uv": [8.25, 13.125, 8.125, 13.25], "texture": "#14"}
			}
		},
		{
			"name": "roof",
			"from": [3.5, 24, 10],
			"to": [12.5, 27, 19],
			"faces": {
				"north": {"uv": [10.375, 8.25, 11.5, 8.625], "texture": "#14"},
				"east": {"uv": [10.625, 4.375, 11.75, 4.75], "texture": "#14"},
				"south": {"uv": [11, 5.375, 12.125, 5.75], "texture": "#14"},
				"west": {"uv": [11, 5.75, 12.125, 6.125], "texture": "#14"},
				"up": {"uv": [5.25, 10.375, 4.125, 9.25], "texture": "#14"},
				"down": {"uv": [10.375, 7.625, 9.25, 8.75], "texture": "#14"}
			}
		},
		{
			"name": "roof",
			"from": [4.5, 24, -2],
			"to": [10.5, 27, 3],
			"faces": {
				"north": {"uv": [11.375, 3.375, 12.125, 3.75], "texture": "#14"},
				"east": {"uv": [4, 11.375, 4.625, 11.75], "texture": "#14"},
				"south": {"uv": [11.375, 3.75, 12.125, 4.125], "texture": "#14"},
				"west": {"uv": [11.375, 7.25, 12, 7.625], "texture": "#14"},
				"up": {"uv": [11, 6, 10.25, 5.375], "texture": "#14"},
				"down": {"uv": [11.125, 9.125, 10.375, 9.75], "texture": "#14"}
			}
		},
		{
			"name": "roof",
			"from": [6.5, 24, 2],
			"to": [8.5, 25, 10],
			"faces": {
				"north": {"uv": [13, 7.625, 13.25, 7.75], "texture": "#14"},
				"east": {"uv": [2.75, 12.125, 3.75, 12.25], "texture": "#14"},
				"south": {"uv": [13, 7.75, 13.25, 7.875], "texture": "#14"},
				"west": {"uv": [12.125, 3.125, 13.125, 3.25], "texture": "#14"},
				"up": {"uv": [6, 10.25, 5.75, 9.25], "texture": "#14"},
				"down": {"uv": [6.75, 11.25, 6.5, 12.25], "texture": "#14"}
			}
		}
	],
	"display": {
		"head": {
			"translation": [0, -8, 0],
			"scale": [4, 4, 4]
		}
	}
}