{
	"credit": "Created with Blockbench [Exported as resourcepack with the \"resourcepack_packager\" plugin]",
	"texture_size": [128, 128],
	"textures": {
		"20": "item/chainmail_chestplate/chainmail_chestplate"
	},
	"elements": [
		{
			"name": "boden",
			"from": [-3, 4, -4],
			"to": [19, 5, 22],
			"faces": {
				"north": {"uv": [11.125, 6, 13.875, 6.125], "texture": "#20"},
				"east": {"uv": [10.125, 6.25, 13.375, 6.375], "texture": "#20"},
				"south": {"uv": [11.125, 6.125, 13.875, 6.25], "texture": "#20"},
				"west": {"uv": [10.125, 6.375, 13.375, 6.5], "texture": "#20"},
				"up": {"uv": [2.75, 7.625, 0, 4.375], "texture": "#20"},
				"down": {"uv": [5.5, 4.375, 2.75, 7.625], "texture": "#20"}
			}
		},
		{
			"name": "wand1",
			"from": [-4.1, 5, 9],
			"to": [-3.1, 7, 22],
			"faces": {
				"north": {"uv": [3, 9.375, 3.125, 9.625], "texture": "#20"},
				"east": {"uv": [10.75, 9.75, 12.375, 10], "texture": "#20"},
				"south": {"uv": [12.25, 5.5, 12.375, 5.75], "texture": "#20"},
				"west": {"uv": [10.75, 10, 12.375, 10.25], "texture": "#20"},
				"up": {"uv": [2, 13.625, 1.875, 12], "texture": "#20"},
				"down": {"uv": [8, 12.125, 7.875, 13.75], "texture": "#20"}
			}
		},
		{
			"name": "wand1",
			"from": [-4, 4, 9],
			"to": [-3, 11, 22],
			"faces": {
				"north": {"uv": [5.25, 7.625, 5.375, 8.5], "texture": "#20"},
				"east": {"uv": [1.5, 7.625, 3.125, 8.5], "texture": "#20"},
				"south": {"uv": [13.25, 11.125, 13.375, 12], "texture": "#20"},
				"west": {"uv": [3.125, 7.625, 4.75, 8.5], "texture": "#20"},
				"up": {"uv": [8.125, 13.75, 8, 12.125], "texture": "#20"},
				"down": {"uv": [10, 12.125, 9.875, 13.75], "texture": "#20"}
			}
		},
		{
			"name": "wand1",
			"from": [-4, 11, 11],
			"to": [-3, 20, 12],
			"faces": {
				"north": {"uv": [5.375, 7.625, 5.5, 8.75], "texture": "#20"},
				"east": {"uv": [9.375, 12.5, 9.5, 13.625], "texture": "#20"},
				"south": {"uv": [9.5, 12.5, 9.625, 13.625], "texture": "#20"},
				"west": {"uv": [9.625, 12.5, 9.75, 13.625], "texture": "#20"},
				"up": {"uv": [9.125, 7.625, 9, 7.5], "texture": "#20"},
				"down": {"uv": [6.5, 9.875, 6.375, 10], "texture": "#20"}
			}
		},
		{
			"name": "wand1",
			"from": [-4, 5, 9],
			"to": [-2, 22, 11],
			"faces": {
				"north": {"uv": [0, 9.875, 0.25, 12], "texture": "#20"},
				"east": {"uv": [0.25, 9.875, 0.5, 12], "texture": "#20"},
				"south": {"uv": [0.5, 9.875, 0.75, 12], "texture": "#20"},
				"west": {"uv": [0.75, 9.875, 1, 12], "texture": "#20"},
				"up": {"uv": [12.875, 3.75, 12.625, 3.5], "texture": "#20"},
				"down": {"uv": [12.875, 3.75, 12.625, 4], "texture": "#20"}
			}
		},
		{
			"name": "wand2",
			"from": [-3, 21, -3],
			"to": [-0.5, 23, 11],
			"faces": {
				"north": {"uv": [9.875, 10.375, 10.1875, 10.625], "texture": "#20"},
				"east": {"uv": [10.125, 4.25, 11.875, 4.5], "texture": "#20"},
				"south": {"uv": [13.375, 5.25, 13.6875, 5.5], "texture": "#20"},
				"west": {"uv": [10.125, 4.5, 11.875, 4.75], "texture": "#20"},
				"up": {"uv": [4.9375, 11.375, 4.625, 9.625], "texture": "#20"},
				"down": {"uv": [5.3125, 9.625, 5, 11.375], "texture": "#20"}
			}
		},
		{
			"name": "wand3",
			"from": [16.5, 21, -3],
			"to": [19, 23, 11],
			"faces": {
				"north": {"uv": [13.375, 6.25, 13.6875, 6.5], "texture": "#20"},
				"east": {"uv": [10.125, 4.75, 11.875, 5], "texture": "#20"},
				"south": {"uv": [13.375, 9.125, 13.6875, 9.375], "texture": "#20"},
				"west": {"uv": [10.125, 5, 11.875, 5.25], "texture": "#20"},
				"up": {"uv": [8.4375, 11.375, 8.125, 9.625], "texture": "#20"},
				"down": {"uv": [8.8125, 9.625, 8.5, 11.375], "texture": "#20"}
			}
		},
		{
			"name": "boden2",
			"from": [-3, 4, -13],
			"to": [19, 7, -4],
			"faces": {
				"north": {"uv": [11.125, 9.5, 13.875, 9.625], "texture": "#20"},
				"east": {"uv": [12.375, 9, 13.5, 9.125], "texture": "#20"},
				"south": {"uv": [11.375, 0, 14.125, 0.125], "texture": "#20"},
				"west": {"uv": [12.375, 10, 13.5, 10.125], "texture": "#20"},
				"up": {"uv": [9.25, 1.125, 6.5, 0], "texture": "#20"},
				"down": {"uv": [9.25, 1.125, 6.5, 2.25], "texture": "#20"}
			}
		},
		{
			"name": "wand1",
			"from": [-4, 11, 21],
			"to": [-3, 20, 22],
			"faces": {
				"north": {"uv": [9.75, 12.5, 9.875, 13.625], "texture": "#20"},
				"east": {"uv": [12.5, 10.125, 12.625, 11.25], "texture": "#20"},
				"south": {"uv": [12.5, 11.25, 12.625, 12.375], "texture": "#20"},
				"west": {"uv": [12.5, 12.375, 12.625, 13.5], "texture": "#20"},
				"up": {"uv": [10.625, 9.625, 10.5, 9.5], "texture": "#20"},
				"down": {"uv": [10.875, 10.5, 10.75, 10.625], "texture": "#20"}
			}
		},
		{
			"name": "wand1",
			"from": [-4, 20, 9],
			"to": [-3, 23, 22],
			"faces": {
				"north": {"uv": [12.125, 8.75, 12.25, 9.125], "texture": "#20"},
				"east": {"uv": [3, 9.625, 4.625, 10], "texture": "#20"},
				"south": {"uv": [12.375, 10.125, 12.5, 10.5], "texture": "#20"},
				"west": {"uv": [6.5, 9.625, 8.125, 10], "texture": "#20"},
				"up": {"uv": [10.125, 13.75, 10, 12.125], "texture": "#20"},
				"down": {"uv": [10.25, 12.125, 10.125, 13.75], "texture": "#20"}
			}
		},
		{
			"name": "wand1",
			"from": [-8.5, 17, -13],
			"to": [-7.5, 21, 22],
			"rotation": {"angle": -22.5, "axis": "z", "origin": [8, 8, 8]},
			"faces": {
				"north": {"uv": [1, 9.875, 1.125, 10.375], "texture": "#20"},
				"east": {"uv": [6.5, 2.25, 10.875, 2.75], "texture": "#20"},
				"south": {"uv": [13, 2.5, 13.125, 3], "texture": "#20"},
				"west": {"uv": [6.5, 2.75, 10.875, 3.25], "texture": "#20"},
				"up": {"uv": [9, 14, 8.875, 9.625], "texture": "#20"},
				"down": {"uv": [9.125, 9.625, 9, 14], "texture": "#20"}
			}
		},
		{
			"name": "wand1",
			"from": [-4, 4, -13],
			"to": [-3, 13, -1],
			"faces": {
				"north": {"uv": [0, 12.625, 0.125, 13.75], "texture": "#20"},
				"east": {"uv": [7.5, 4.25, 9, 5.375], "texture": "#20"},
				"south": {"uv": [0.125, 12.625, 0.25, 13.75], "texture": "#20"},
				"west": {"uv": [7.5, 5.375, 9, 6.5], "texture": "#20"},
				"up": {"uv": [11.125, 13.625, 11, 12.125], "texture": "#20"},
				"down": {"uv": [11.25, 12.125, 11.125, 13.625], "texture": "#20"}
			}
		},
		{
			"name": "wand1",
			"from": [-4, 5, -3],
			"to": [-2, 22, -1],
			"faces": {
				"north": {"uv": [5.375, 9.875, 5.625, 12], "texture": "#20"},
				"east": {"uv": [5.625, 9.875, 5.875, 12], "texture": "#20"},
				"south": {"uv": [5.875, 9.875, 6.125, 12], "texture": "#20"},
				"west": {"uv": [6.125, 9.875, 6.375, 12], "texture": "#20"},
				"up": {"uv": [13.875, 2.25, 13.625, 2], "texture": "#20"},
				"down": {"uv": [13.875, 8.625, 13.625, 8.875], "texture": "#20"}
			}
		},
		{
			"name": "wand1",
			"from": [-4, 13, -4],
			"to": [-3, 22, -3],
			"faces": {
				"north": {"uv": [0.25, 12.625, 0.375, 13.75], "texture": "#20"},
				"east": {"uv": [0.375, 12.625, 0.5, 13.75], "texture": "#20"},
				"south": {"uv": [3, 12.625, 3.125, 13.75], "texture": "#20"},
				"west": {"uv": [3.125, 12.625, 3.25, 13.75], "texture": "#20"},
				"up": {"uv": [2.5, 11.375, 2.375, 11.25], "texture": "#20"},
				"down": {"uv": [13.125, 4.5, 13, 4.625], "texture": "#20"}
			}
		},
		{
			"name": "wand1",
			"from": [-4, 22, -13],
			"to": [-3, 23, 9],
			"faces": {
				"north": {"uv": [14.375, 0.75, 14.5, 0.875], "texture": "#20"},
				"east": {"uv": [11.375, 0.125, 14.125, 0.25], "texture": "#20"},
				"south": {"uv": [14.375, 4.75, 14.5, 4.875], "texture": "#20"},
				"west": {"uv": [11.375, 0.25, 14.125, 0.375], "texture": "#20"},
				"up": {"uv": [4.625, 12.75, 4.5, 10], "texture": "#20"},
				"down": {"uv": [7.75, 10.875, 7.625, 13.625], "texture": "#20"}
			}
		},
		{
			"name": "glas1",
			"from": [-4, 13, -13],
			"to": [-3, 22, -4],
			"faces": {
				"north": {"uv": [3.25, 12.625, 3.375, 13.75], "texture": "#20"},
				"east": {"uv": [3.125, 8.5, 4.25, 9.625], "texture": "#20"},
				"south": {"uv": [3.375, 12.625, 3.5, 13.75], "texture": "#20"},
				"west": {"uv": [4.25, 8.5, 5.375, 9.625], "texture": "#20"},
				"up": {"uv": [3.625, 13.75, 3.5, 12.625], "texture": "#20"},
				"down": {"uv": [3.75, 12.625, 3.625, 13.75], "texture": "#20"}
			}
		},
		{
			"name": "glas2",
			"from": [-4, 11, 12],
			"to": [-3, 20, 21],
			"faces": {
				"north": {"uv": [3.75, 12.625, 3.875, 13.75], "texture": "#20"},
				"east": {"uv": [7.5, 8.5, 8.625, 9.625], "texture": "#20"},
				"south": {"uv": [3.875, 12.625, 4, 13.75], "texture": "#20"},
				"west": {"uv": [8.625, 8.5, 9.75, 9.625], "texture": "#20"},
				"up": {"uv": [4.125, 13.75, 4, 12.625], "texture": "#20"},
				"down": {"uv": [4.25, 12.625, 4.125, 13.75], "texture": "#20"}
			}
		},
		{
			"name": "wand1",
			"from": [-4.1, 5, -13],
			"to": [-3.1, 7, -1],
			"faces": {
				"north": {"uv": [12.625, 4.875, 12.75, 5.125], "texture": "#20"},
				"east": {"uv": [10.875, 1.25, 12.375, 1.5], "texture": "#20"},
				"south": {"uv": [3, 14, 3.125, 14.25], "texture": "#20"},
				"west": {"uv": [10.875, 1.5, 12.375, 1.75], "texture": "#20"},
				"up": {"uv": [11.375, 13.625, 11.25, 12.125], "texture": "#20"},
				"down": {"uv": [11.5, 12.125, 11.375, 13.625], "texture": "#20"}
			}
		},
		{
			"name": "wand2",
			"from": [19, 4, 9],
			"to": [20, 11, 22],
			"faces": {
				"north": {"uv": [13.25, 12, 13.375, 12.875], "texture": "#20"},
				"east": {"uv": [7.5, 7.625, 9.125, 8.5], "texture": "#20"},
				"south": {"uv": [13.25, 12.875, 13.375, 13.75], "texture": "#20"},
				"west": {"uv": [1.5, 8.5, 3.125, 9.375], "texture": "#20"},
				"up": {"uv": [10.375, 13.75, 10.25, 12.125], "texture": "#20"},
				"down": {"uv": [10.5, 12.125, 10.375, 13.75], "texture": "#20"}
			}
		},
		{
			"name": "wand2",
			"from": [19.1, 5, 9],
			"to": [20.1, 7, 22],
			"faces": {
				"north": {"uv": [3.125, 14, 3.25, 14.25], "texture": "#20"},
				"east": {"uv": [10.75, 10.25, 12.375, 10.5], "texture": "#20"},
				"south": {"uv": [3.25, 14, 3.375, 14.25], "texture": "#20"},
				"west": {"uv": [10.875, 1, 12.5, 1.25], "texture": "#20"},
				"up": {"uv": [10.625, 13.75, 10.5, 12.125], "texture": "#20"},
				"down": {"uv": [10.75, 12.125, 10.625, 13.75], "texture": "#20"}
			}
		},
		{
			"name": "wand2",
			"from": [19, 11, 11],
			"to": [20, 20, 12],
			"faces": {
				"north": {"uv": [4.25, 12.625, 4.375, 13.75], "texture": "#20"},
				"east": {"uv": [4.375, 12.625, 4.5, 13.75], "texture": "#20"},
				"south": {"uv": [6.375, 12.625, 6.5, 13.75], "texture": "#20"},
				"west": {"uv": [6.5, 12.625, 6.625, 13.75], "texture": "#20"},
				"up": {"uv": [14.5, 5, 14.375, 4.875], "texture": "#20"},
				"down": {"uv": [14.5, 7, 14.375, 7.125], "texture": "#20"}
			}
		},
		{
			"name": "wand1",
			"from": [18, 5, 9],
			"to": [20, 22, 11],
			"faces": {
				"north": {"uv": [3, 10, 3.25, 12.125], "texture": "#20"},
				"east": {"uv": [3.25, 10, 3.5, 12.125], "texture": "#20"},
				"south": {"uv": [3.5, 10, 3.75, 12.125], "texture": "#20"},
				"west": {"uv": [3.75, 10, 4, 12.125], "texture": "#20"},
				"up": {"uv": [3.25, 14, 3, 13.75], "texture": "#20"},
				"down": {"uv": [3.5, 13.75, 3.25, 14], "texture": "#20"}
			}
		},
		{
			"name": "wand2",
			"from": [17, 5, 9.25],
			"to": [18, 17, 10.75],
			"faces": {
				"north": {"uv": [11.5, 12.125, 11.625, 13.625], "texture": "#20"},
				"east": {"uv": [2.125, 11.25, 2.3125, 12.75], "texture": "#20"},
				"south": {"uv": [11.625, 12.125, 11.75, 13.625], "texture": "#20"},
				"west": {"uv": [2.375, 11.375, 2.5625, 12.875], "texture": "#20"},
				"up": {"uv": [14.375, 11.4375, 14.25, 11.25], "texture": "#20"},
				"down": {"uv": [14.375, 11.5, 14.25, 11.6875], "texture": "#20"}
			}
		},
		{
			"name": "wand3",
			"from": [16.9, 18, 9.35],
			"to": [17.4, 18.5, 10.45],
			"faces": {
				"north": {"uv": [14.625, 14.125, 14.6875, 14.1875], "texture": "#20"},
				"east": {"uv": [14.625, 0.375, 14.75, 0.4375], "texture": "#20"},
				"south": {"uv": [14.25, 14.625, 14.3125, 14.6875], "texture": "#20"},
				"west": {"uv": [14.625, 0.5, 14.75, 0.5625], "texture": "#20"},
				"up": {"uv": [14.6875, 0.75, 14.625, 0.625], "texture": "#20"},
				"down": {"uv": [14.6875, 0.75, 14.625, 0.875], "texture": "#20"}
			}
		},
		{
			"name": "wand4",
			"from": [16.9, 19, 9.45],
			"to": [17.4, 19.25, 10.35],
			"faces": {
				"north": {"uv": [14.625, 14.25, 14.6875, 14.3125], "texture": "#20"},
				"east": {"uv": [14.625, 1.625, 14.75, 1.6875], "texture": "#20"},
				"south": {"uv": [14.375, 14.625, 14.4375, 14.6875], "texture": "#20"},
				"west": {"uv": [14.625, 1.75, 14.75, 1.8125], "texture": "#20"},
				"up": {"uv": [14.6875, 2, 14.625, 1.875], "texture": "#20"},
				"down": {"uv": [2.4375, 14.625, 2.375, 14.75], "texture": "#20"}
			}
		},
		{
			"name": "wand5",
			"from": [16.9, 18.5, 9.35],
			"to": [17.4, 19, 9.6],
			"faces": {
				"north": {"uv": [14.625, 14.375, 14.6875, 14.4375], "texture": "#20"},
				"east": {"uv": [14.5, 14.625, 14.5625, 14.6875], "texture": "#20"},
				"south": {"uv": [14.625, 14.5, 14.6875, 14.5625], "texture": "#20"},
				"west": {"uv": [14.625, 14.625, 14.6875, 14.6875], "texture": "#20"},
				"up": {"uv": [0.0625, 14.8125, 0, 14.75], "texture": "#20"},
				"down": {"uv": [14.8125, 0, 14.75, 0.0625], "texture": "#20"}
			}
		},
		{
			"name": "wand6",
			"from": [16.9, 18.5, 10.2],
			"to": [17.4, 19, 10.45],
			"faces": {
				"north": {"uv": [14.75, 0.125, 14.8125, 0.1875], "texture": "#20"},
				"east": {"uv": [14.75, 0.25, 14.8125, 0.3125], "texture": "#20"},
				"south": {"uv": [14.75, 0.375, 14.8125, 0.4375], "texture": "#20"},
				"west": {"uv": [0.5, 14.75, 0.5625, 14.8125], "texture": "#20"},
				"up": {"uv": [14.8125, 0.5625, 14.75, 0.5], "texture": "#20"},
				"down": {"uv": [0.6875, 14.75, 0.625, 14.8125], "texture": "#20"}
			}
		},
		{
			"name": "wand5",
			"from": [-1.45, 19, 9.45],
			"to": [-0.95, 19.25, 10.35],
			"faces": {
				"north": {"uv": [14.75, 0.625, 14.8125, 0.6875], "texture": "#20"},
				"east": {"uv": [2.5, 14.625, 2.625, 14.6875], "texture": "#20"},
				"south": {"uv": [14.75, 0.75, 14.8125, 0.8125], "texture": "#20"},
				"west": {"uv": [2.625, 14.625, 2.75, 14.6875], "texture": "#20"},
				"up": {"uv": [2.8125, 14.75, 2.75, 14.625], "texture": "#20"},
				"down": {"uv": [14.6875, 2.75, 14.625, 2.875], "texture": "#20"}
			}
		},
		{
			"name": "wand7",
			"from": [-1.45, 18.5, 10.2],
			"to": [-0.95, 19, 10.45],
			"faces": {
				"north": {"uv": [1, 14.75, 1.0625, 14.8125], "texture": "#20"},
				"east": {"uv": [1.125, 14.75, 1.1875, 14.8125], "texture": "#20"},
				"south": {"uv": [1.25, 14.75, 1.3125, 14.8125], "texture": "#20"},
				"west": {"uv": [1.375, 14.75, 1.4375, 14.8125], "texture": "#20"},
				"up": {"uv": [14.8125, 1.4375, 14.75, 1.375], "texture": "#20"},
				"down": {"uv": [1.5625, 14.75, 1.5, 14.8125], "texture": "#20"}
			}
		},
		{
			"name": "wand6",
			"from": [-1.45, 18.5, 9.35],
			"to": [-0.95, 19, 9.6],
			"faces": {
				"north": {"uv": [14.75, 1.5, 14.8125, 1.5625], "texture": "#20"},
				"east": {"uv": [1.625, 14.75, 1.6875, 14.8125], "texture": "#20"},
				"south": {"uv": [14.75, 1.625, 14.8125, 1.6875], "texture": "#20"},
				"west": {"uv": [1.75, 14.75, 1.8125, 14.8125], "texture": "#20"},
				"up": {"uv": [14.8125, 1.8125, 14.75, 1.75], "texture": "#20"},
				"down": {"uv": [1.9375, 14.75, 1.875, 14.8125], "texture": "#20"}
			}
		},
		{
			"name": "wand4",
			"from": [-1.45, 18, 9.35],
			"to": [-0.95, 18.5, 10.45],
			"faces": {
				"north": {"uv": [14.75, 1.875, 14.8125, 1.9375], "texture": "#20"},
				"east": {"uv": [14.625, 2.875, 14.75, 2.9375], "texture": "#20"},
				"south": {"uv": [2, 14.75, 2.0625, 14.8125], "texture": "#20"},
				"west": {"uv": [14.625, 3, 14.75, 3.0625], "texture": "#20"},
				"up": {"uv": [3.1875, 14.75, 3.125, 14.625], "texture": "#20"},
				"down": {"uv": [14.6875, 3.125, 14.625, 3.25], "texture": "#20"}
			}
		},
		{
			"name": "wand3",
			"from": [17, 5, -2.75],
			"to": [18, 17, -1.25],
			"faces": {
				"north": {"uv": [7.125, 12.25, 7.25, 13.75], "texture": "#20"},
				"east": {"uv": [2.625, 11.375, 2.8125, 12.875], "texture": "#20"},
				"south": {"uv": [7.25, 12.25, 7.375, 13.75], "texture": "#20"},
				"west": {"uv": [4.625, 11.375, 4.8125, 12.875], "texture": "#20"},
				"up": {"uv": [11.75, 14.4375, 11.625, 14.25], "texture": "#20"},
				"down": {"uv": [11.875, 14.25, 11.75, 14.4375], "texture": "#20"}
			}
		},
		{
			"name": "wand3",
			"from": [17, 17.05, 9.25],
			"to": [18, 22.05, 10.75],
			"faces": {
				"north": {"uv": [1.375, 8.75, 1.5, 9.375], "texture": "#20"},
				"east": {"uv": [1.125, 8.75, 1.3125, 9.375], "texture": "#20"},
				"south": {"uv": [12.125, 7.625, 12.25, 8.25], "texture": "#20"},
				"west": {"uv": [12.75, 6.625, 12.9375, 7.25], "texture": "#20"},
				"up": {"uv": [14.375, 11.9375, 14.25, 11.75], "texture": "#20"},
				"down": {"uv": [12, 14.25, 11.875, 14.4375], "texture": "#20"}
			}
		},
		{
			"name": "wand4",
			"from": [17.2, 17.2, 10.4],
			"to": [17.45, 17.45, 10.9],
			"faces": {
				"north": {"uv": [14.75, 2, 14.8125, 2.0625], "texture": "#20"},
				"east": {"uv": [2.125, 14.75, 2.1875, 14.8125], "texture": "#20"},
				"south": {"uv": [14.75, 2.125, 14.8125, 2.1875], "texture": "#20"},
				"west": {"uv": [2.25, 14.75, 2.3125, 14.8125], "texture": "#20"},
				"up": {"uv": [14.8125, 2.3125, 14.75, 2.25], "texture": "#20"},
				"down": {"uv": [2.4375, 14.75, 2.375, 14.8125], "texture": "#20"}
			}
		},
		{
			"name": "wand5",
			"from": [17.2, 16.6, 10.4],
			"to": [17.45, 16.85, 10.9],
			"faces": {
				"north": {"uv": [14.75, 2.375, 14.8125, 2.4375], "texture": "#20"},
				"east": {"uv": [2.5, 14.75, 2.5625, 14.8125], "texture": "#20"},
				"south": {"uv": [14.75, 2.5, 14.8125, 2.5625], "texture": "#20"},
				"west": {"uv": [2.625, 14.75, 2.6875, 14.8125], "texture": "#20"},
				"up": {"uv": [14.8125, 2.6875, 14.75, 2.625], "texture": "#20"},
				"down": {"uv": [2.8125, 14.75, 2.75, 14.8125], "texture": "#20"}
			}
		},
		{
			"name": "wand6",
			"from": [17.2, 5.6, 10.4],
			"to": [17.45, 5.85, 10.9],
			"faces": {
				"north": {"uv": [14.75, 2.75, 14.8125, 2.8125], "texture": "#20"},
				"east": {"uv": [2.875, 14.75, 2.9375, 14.8125], "texture": "#20"},
				"south": {"uv": [14.75, 2.875, 14.8125, 2.9375], "texture": "#20"},
				"west": {"uv": [3, 14.75, 3.0625, 14.8125], "texture": "#20"},
				"up": {"uv": [14.8125, 3.0625, 14.75, 3], "texture": "#20"},
				"down": {"uv": [3.1875, 14.75, 3.125, 14.8125], "texture": "#20"}
			}
		},
		{
			"name": "wand4",
			"from": [-2, 17.05, 9.25],
			"to": [-1, 22.05, 10.75],
			"faces": {
				"north": {"uv": [12.75, 4.875, 12.875, 5.5], "texture": "#20"},
				"east": {"uv": [12.875, 1.25, 13.0625, 1.875], "texture": "#20"},
				"south": {"uv": [13.5, 6.625, 13.625, 7.25], "texture": "#20"},
				"west": {"uv": [13, 6.625, 13.1875, 7.25], "texture": "#20"},
				"up": {"uv": [12.125, 14.4375, 12, 14.25], "texture": "#20"},
				"down": {"uv": [14.375, 12, 14.25, 12.1875], "texture": "#20"}
			}
		},
		{
			"name": "wand5",
			"from": [-1.8, 17.2, 10.4],
			"to": [-1.55, 17.45, 10.9],
			"faces": {
				"north": {"uv": [14.75, 3.125, 14.8125, 3.1875], "texture": "#20"},
				"east": {"uv": [3.25, 14.75, 3.3125, 14.8125], "texture": "#20"},
				"south": {"uv": [14.75, 3.25, 14.8125, 3.3125], "texture": "#20"},
				"west": {"uv": [3.375, 14.75, 3.4375, 14.8125], "texture": "#20"},
				"up": {"uv": [14.8125, 3.4375, 14.75, 3.375], "texture": "#20"},
				"down": {"uv": [14.8125, 3.5, 14.75, 3.5625], "texture": "#20"}
			}
		},
		{
			"name": "wand6",
			"from": [-1.8, 16.6, 10.4],
			"to": [-1.55, 16.85, 10.9],
			"faces": {
				"north": {"uv": [3.625, 14.75, 3.6875, 14.8125], "texture": "#20"},
				"east": {"uv": [14.75, 3.625, 14.8125, 3.6875], "texture": "#20"},
				"south": {"uv": [3.75, 14.75, 3.8125, 14.8125], "texture": "#20"},
				"west": {"uv": [14.75, 3.75, 14.8125, 3.8125], "texture": "#20"},
				"up": {"uv": [3.9375, 14.8125, 3.875, 14.75], "texture": "#20"},
				"down": {"uv": [14.8125, 3.875, 14.75, 3.9375], "texture": "#20"}
			}
		},
		{
			"name": "wand3",
			"from": [-2, 5, 9.25],
			"to": [-1, 17, 10.75],
			"faces": {
				"north": {"uv": [7.375, 12.25, 7.5, 13.75], "texture": "#20"},
				"east": {"uv": [4.875, 11.375, 5.0625, 12.875], "texture": "#20"},
				"south": {"uv": [7.5, 12.25, 7.625, 13.75], "texture": "#20"},
				"west": {"uv": [5.125, 11.375, 5.3125, 12.875], "texture": "#20"},
				"up": {"uv": [12.25, 14.4375, 12.125, 14.25], "texture": "#20"},
				"down": {"uv": [14.375, 12.25, 14.25, 12.4375], "texture": "#20"}
			}
		},
		{
			"name": "wand7",
			"from": [-1.8, 5.6, 10.4],
			"to": [-1.55, 5.85, 10.9],
			"faces": {
				"north": {"uv": [4, 14.75, 4.0625, 14.8125], "texture": "#20"},
				"east": {"uv": [14.75, 4, 14.8125, 4.0625], "texture": "#20"},
				"south": {"uv": [4.125, 14.75, 4.1875, 14.8125], "texture": "#20"},
				"west": {"uv": [14.75, 4.125, 14.8125, 4.1875], "texture": "#20"},
				"up": {"uv": [4.3125, 14.8125, 4.25, 14.75], "texture": "#20"},
				"down": {"uv": [14.8125, 4.25, 14.75, 4.3125], "texture": "#20"}
			}
		},
		{
			"name": "wand4",
			"from": [17, 17.05, -2.75],
			"to": [18, 22.05, -1.25],
			"faces": {
				"north": {"uv": [13.625, 6.625, 13.75, 7.25], "texture": "#20"},
				"east": {"uv": [13.125, 2.25, 13.3125, 2.875], "texture": "#20"},
				"south": {"uv": [7.75, 13.625, 7.875, 14.25], "texture": "#20"},
				"west": {"uv": [13.25, 6.625, 13.4375, 7.25], "texture": "#20"},
				"up": {"uv": [12.5, 14.4375, 12.375, 14.25], "texture": "#20"},
				"down": {"uv": [12.625, 14.25, 12.5, 14.4375], "texture": "#20"}
			}
		},
		{
			"name": "wand4",
			"from": [-2, 5, -2.75],
			"to": [-1, 22, -1.25],
			"faces": {
				"north": {"uv": [0.625, 12, 0.75, 14.125], "texture": "#20"},
				"east": {"uv": [7.875, 10, 8.0625, 12.125], "texture": "#20"},
				"south": {"uv": [0.75, 12, 0.875, 14.125], "texture": "#20"},
				"west": {"uv": [6.875, 10.875, 7.0625, 13], "texture": "#20"},
				"up": {"uv": [14.375, 12.6875, 14.25, 12.5], "texture": "#20"},
				"down": {"uv": [12.75, 14.25, 12.625, 14.4375], "texture": "#20"}
			}
		},
		{
			"name": "wand1",
			"from": [19, 11, 21],
			"to": [20, 20, 22],
			"faces": {
				"north": {"uv": [6.625, 12.625, 6.75, 13.75], "texture": "#20"},
				"east": {"uv": [6.75, 12.625, 6.875, 13.75], "texture": "#20"},
				"south": {"uv": [12.625, 10.125, 12.75, 11.25], "texture": "#20"},
				"west": {"uv": [12.625, 11.25, 12.75, 12.375], "texture": "#20"},
				"up": {"uv": [14.5, 7.75, 14.375, 7.625], "texture": "#20"},
				"down": {"uv": [14.5, 7.75, 14.375, 7.875], "texture": "#20"}
			}
		},
		{
			"name": "glas2",
			"from": [19, 11, 12],
			"to": [20, 20, 21],
			"faces": {
				"north": {"uv": [12.625, 12.375, 12.75, 13.5], "texture": "#20"},
				"east": {"uv": [0, 8.75, 1.125, 9.875], "texture": "#20"},
				"south": {"uv": [2.125, 12.75, 2.25, 13.875], "texture": "#20"},
				"west": {"uv": [5.375, 8.75, 6.5, 9.875], "texture": "#20"},
				"up": {"uv": [2.375, 13.875, 2.25, 12.75], "texture": "#20"},
				"down": {"uv": [4.625, 12.75, 4.5, 13.875], "texture": "#20"}
			}
		},
		{
			"name": "wand1",
			"from": [19, 20, 9],
			"to": [20, 23, 22],
			"faces": {
				"north": {"uv": [13.875, 6, 14, 6.375], "texture": "#20"},
				"east": {"uv": [9.625, 6.5, 11.25, 6.875], "texture": "#20"},
				"south": {"uv": [13.875, 6.375, 14, 6.75], "texture": "#20"},
				"west": {"uv": [9.625, 6.875, 11.25, 7.25], "texture": "#20"},
				"up": {"uv": [10.875, 13.75, 10.75, 12.125], "texture": "#20"},
				"down": {"uv": [11, 12.125, 10.875, 13.75], "texture": "#20"}
			}
		},
		{
			"name": "wand1",
			"from": [23.5, 17, -13],
			"to": [24.5, 21, 22],
			"rotation": {"angle": 22.5, "axis": "z", "origin": [8, 8, 8]},
			"faces": {
				"north": {"uv": [3.5, 13.75, 3.625, 14.25], "texture": "#20"},
				"east": {"uv": [6.5, 3.25, 10.875, 3.75], "texture": "#20"},
				"south": {"uv": [13.75, 3.5, 13.875, 4], "texture": "#20"},
				"west": {"uv": [6.5, 3.75, 10.875, 4.25], "texture": "#20"},
				"up": {"uv": [9.25, 14, 9.125, 9.625], "texture": "#20"},
				"down": {"uv": [9.375, 9.625, 9.25, 14], "texture": "#20"}
			}
		},
		{
			"name": "wand1",
			"from": [19, 4, -13],
			"to": [20, 13, -1],
			"faces": {
				"north": {"uv": [12.75, 10.125, 12.875, 11.25], "texture": "#20"},
				"east": {"uv": [7.5, 6.5, 9, 7.625], "texture": "#20"},
				"south": {"uv": [12.75, 11.25, 12.875, 12.375], "texture": "#20"},
				"west": {"uv": [0, 7.625, 1.5, 8.75], "texture": "#20"},
				"up": {"uv": [12.375, 9.125, 12.25, 7.625], "texture": "#20"},
				"down": {"uv": [12.375, 11.625, 12.25, 13.125], "texture": "#20"}
			}
		},
		{
			"name": "wand1",
			"from": [18, 5, -3],
			"to": [20, 22, -1],
			"faces": {
				"north": {"uv": [4, 10, 4.25, 12.125], "texture": "#20"},
				"east": {"uv": [4.25, 10, 4.5, 12.125], "texture": "#20"},
				"south": {"uv": [6.375, 10, 6.625, 12.125], "texture": "#20"},
				"west": {"uv": [6.625, 10, 6.875, 12.125], "texture": "#20"},
				"up": {"uv": [3.875, 14, 3.625, 13.75], "texture": "#20"},
				"down": {"uv": [4.125, 13.75, 3.875, 14], "texture": "#20"}
			}
		},
		{
			"name": "wand1",
			"from": [19, 13, -4],
			"to": [20, 22, -3],
			"faces": {
				"north": {"uv": [12.75, 12.375, 12.875, 13.5], "texture": "#20"},
				"east": {"uv": [2.375, 12.875, 2.5, 14], "texture": "#20"},
				"south": {"uv": [2.5, 12.875, 2.625, 14], "texture": "#20"},
				"west": {"uv": [2.625, 12.875, 2.75, 14], "texture": "#20"},
				"up": {"uv": [14.5, 8.5, 14.375, 8.375], "texture": "#20"},
				"down": {"uv": [14.5, 9, 14.375, 9.125], "texture": "#20"}
			}
		},
		{
			"name": "wand1",
			"from": [19, 22, -13],
			"to": [20, 23, 9],
			"faces": {
				"north": {"uv": [14.375, 9.875, 14.5, 10], "texture": "#20"},
				"east": {"uv": [11.375, 0.375, 14.125, 0.5], "texture": "#20"},
				"south": {"uv": [14.375, 10.625, 14.5, 10.75], "texture": "#20"},
				"west": {"uv": [11.375, 0.5, 14.125, 0.625], "texture": "#20"},
				"up": {"uv": [7.875, 13.625, 7.75, 10.875], "texture": "#20"},
				"down": {"uv": [2.125, 11.25, 2, 14], "texture": "#20"}
			}
		},
		{
			"name": "glas2",
			"from": [19, 13, -13],
			"to": [20, 22, -4],
			"faces": {
				"north": {"uv": [2.75, 12.875, 2.875, 14], "texture": "#20"},
				"east": {"uv": [9, 4.25, 10.125, 5.375], "texture": "#20"},
				"south": {"uv": [12.875, 3.5, 13, 4.625], "texture": "#20"},
				"west": {"uv": [9, 5.375, 10.125, 6.5], "texture": "#20"},
				"up": {"uv": [4.75, 14, 4.625, 12.875], "texture": "#20"},
				"down": {"uv": [4.875, 12.875, 4.75, 14], "texture": "#20"}
			}
		},
		{
			"name": "wand1",
			"from": [19.1, 5, -13],
			"to": [20.1, 7, -1],
			"faces": {
				"north": {"uv": [3.375, 14, 3.5, 14.25], "texture": "#20"},
				"east": {"uv": [10.875, 1.75, 12.375, 2], "texture": "#20"},
				"south": {"uv": [4.625, 14, 4.75, 14.25], "texture": "#20"},
				"west": {"uv": [10.875, 2.25, 12.375, 2.5], "texture": "#20"},
				"up": {"uv": [11.875, 13.75, 11.75, 12.25], "texture": "#20"},
				"down": {"uv": [12, 12.25, 11.875, 13.75], "texture": "#20"}
			}
		},
		{
			"name": "roof",
			"from": [-3, 23, -13],
			"to": [19, 24, 22],
			"faces": {
				"north": {"uv": [11.375, 0.625, 14.125, 0.75], "texture": "#20"},
				"east": {"uv": [9.25, 2, 13.625, 2.125], "texture": "#20"},
				"south": {"uv": [11.375, 0.75, 14.125, 0.875], "texture": "#20"},
				"west": {"uv": [9.25, 2.125, 13.625, 2.25], "texture": "#20"},
				"up": {"uv": [2.75, 4.375, 0, 0], "texture": "#20"},
				"down": {"uv": [5.5, 0, 2.75, 4.375], "texture": "#20"}
			}
		},
		{
			"name": "roof",
			"from": [6, 22.7, -13],
			"to": [10, 23.7, 22],
			"faces": {
				"north": {"uv": [10.125, 6.125, 10.625, 6.25], "texture": "#20"},
				"east": {"uv": [9.625, 7.25, 14, 7.375], "texture": "#20"},
				"south": {"uv": [13.75, 1.625, 14.25, 1.75], "texture": "#20"},
				"west": {"uv": [9.625, 7.375, 14, 7.5], "texture": "#20"},
				"up": {"uv": [7, 8.625, 6.5, 4.25], "texture": "#20"},
				"down": {"uv": [7.5, 4.25, 7, 8.625], "texture": "#20"}
			}
		},
		{
			"name": "roof",
			"from": [4, 22.8, -13],
			"to": [12, 23.8, 22],
			"faces": {
				"north": {"uv": [12.75, 3.25, 13.75, 3.375], "texture": "#20"},
				"east": {"uv": [9.375, 9.625, 13.75, 9.75], "texture": "#20"},
				"south": {"uv": [12.75, 6.5, 13.75, 6.625], "texture": "#20"},
				"west": {"uv": [9.75, 7.5, 14.125, 7.625], "texture": "#20"},
				"up": {"uv": [6.5, 4.375, 5.5, 0], "texture": "#20"},
				"down": {"uv": [6.5, 4.375, 5.5, 8.75], "texture": "#20"}
			}
		},
		{
			"name": "boden2",
			"from": [11, 5, -3],
			"to": [19, 9, -2.5],
			"faces": {
				"north": {"uv": [9.875, 0, 10.875, 0.5], "texture": "#20"},
				"east": {"uv": [4.75, 14, 4.8125, 14.5], "texture": "#20"},
				"south": {"uv": [9.875, 0.5, 10.875, 1], "texture": "#20"},
				"west": {"uv": [7.875, 14, 7.9375, 14.5], "texture": "#20"},
				"up": {"uv": [14.75, 3.3125, 13.75, 3.25], "texture": "#20"},
				"down": {"uv": [14.75, 4, 13.75, 4.0625], "texture": "#20"}
			}
		},
		{
			"name": "boden2",
			"from": [-3, 5, -3],
			"to": [5, 9, -2.5],
			"faces": {
				"north": {"uv": [9.875, 1, 10.875, 1.5], "texture": "#20"},
				"east": {"uv": [8, 14, 8.0625, 14.5], "texture": "#20"},
				"south": {"uv": [9.875, 1.5, 10.875, 2], "texture": "#20"},
				"west": {"uv": [8.125, 14, 8.1875, 14.5], "texture": "#20"},
				"up": {"uv": [14.75, 4.1875, 13.75, 4.125], "texture": "#20"},
				"down": {"uv": [14.75, 4.25, 13.75, 4.3125], "texture": "#20"}
			}
		},
		{
			"name": "boden2",
			"from": [-3, 5, -4],
			"to": [19, 7, -3],
			"faces": {
				"north": {"uv": [11.625, 5.75, 12.375, 6], "texture": "#20"},
				"east": {"uv": [4.125, 13.75, 4.375, 14], "texture": "#20"},
				"south": {"uv": [11.875, 4.875, 12.625, 5.125], "texture": "#20"},
				"west": {"uv": [13.75, 4.375, 14, 4.625], "texture": "#20"},
				"up": {"uv": [12.875, 4.25, 12.125, 4], "texture": "#20"},
				"down": {"uv": [12.875, 9.125, 12.125, 9.375], "texture": "#20"}
			}
		},
		{
			"name": "boden3",
			"from": [5, 4, -4],
			"to": [11, 6, -2],
			"faces": {
				"north": {"uv": [11.625, 5.75, 12.375, 6], "texture": "#20"},
				"east": {"uv": [4.125, 13.75, 4.375, 14], "texture": "#20"},
				"south": {"uv": [11.875, 4.875, 12.625, 5.125], "texture": "#20"},
				"west": {"uv": [13.75, 4.375, 14, 4.625], "texture": "#20"},
				"up": {"uv": [12.875, 4.25, 12.125, 4], "texture": "#20"},
				"down": {"uv": [12.875, 9.125, 12.125, 9.375], "texture": "#20"}
			}
		},
		{
			"name": "boden2",
			"from": [12, 12, -3],
			"to": [19, 17, -2.5],
			"faces": {
				"north": {"uv": [9.75, 7.625, 10.625, 8.25], "texture": "#20"},
				"east": {"uv": [2.375, 14, 2.4375, 14.625], "texture": "#20"},
				"south": {"uv": [9.75, 8.25, 10.625, 8.875], "texture": "#20"},
				"west": {"uv": [2.5, 14, 2.5625, 14.625], "texture": "#20"},
				"up": {"uv": [14.75, 1.4375, 13.875, 1.375], "texture": "#20"},
				"down": {"uv": [14.75, 1.5, 13.875, 1.5625], "texture": "#20"}
			}
		},
		{
			"name": "boden2",
			"from": [13, 17, -3],
			"to": [19, 21, -2.5],
			"faces": {
				"north": {"uv": [10.875, 2.5, 11.625, 3], "texture": "#20"},
				"east": {"uv": [8.875, 14, 8.9375, 14.5], "texture": "#20"},
				"south": {"uv": [10.875, 3, 11.625, 3.5], "texture": "#20"},
				"west": {"uv": [9, 14, 9.0625, 14.5], "texture": "#20"},
				"up": {"uv": [14.625, 2.8125, 13.875, 2.75], "texture": "#20"},
				"down": {"uv": [14.625, 2.875, 13.875, 2.9375], "texture": "#20"}
			}
		},
		{
			"name": "boden2",
			"from": [-3, 12, -3],
			"to": [4, 17, -2.5],
			"faces": {
				"north": {"uv": [9.75, 8.875, 10.625, 9.5], "texture": "#20"},
				"east": {"uv": [2.625, 14, 2.6875, 14.625], "texture": "#20"},
				"south": {"uv": [9.375, 9.75, 10.25, 10.375], "texture": "#20"},
				"west": {"uv": [2.75, 14, 2.8125, 14.625], "texture": "#20"},
				"up": {"uv": [14.75, 2.0625, 13.875, 2], "texture": "#20"},
				"down": {"uv": [14.75, 2.125, 13.875, 2.1875], "texture": "#20"}
			}
		},
		{
			"name": "boden3",
			"from": [-3, 9, -3],
			"to": [4.5, 12, -2.5],
			"faces": {
				"north": {"uv": [11.125, 9.125, 12.0625, 9.5], "texture": "#20"},
				"east": {"uv": [12.75, 14.25, 12.8125, 14.625], "texture": "#20"},
				"south": {"uv": [11.25, 6.5, 12.1875, 6.875], "texture": "#20"},
				"west": {"uv": [14.25, 12.75, 14.3125, 13.125], "texture": "#20"},
				"up": {"uv": [14.8125, 0.9375, 13.875, 0.875], "texture": "#20"},
				"down": {"uv": [14.8125, 1, 13.875, 1.0625], "texture": "#20"}
			}
		},
		{
			"name": "boden3",
			"from": [11.5, 9, -3],
			"to": [19, 12, -2.5],
			"faces": {
				"north": {"uv": [11.25, 6.875, 12.1875, 7.25], "texture": "#20"},
				"east": {"uv": [14.25, 13.125, 14.3125, 13.5], "texture": "#20"},
				"south": {"uv": [10.875, 11.25, 11.8125, 11.625], "texture": "#20"},
				"west": {"uv": [13.25, 14.25, 13.3125, 14.625], "texture": "#20"},
				"up": {"uv": [14.8125, 1.1875, 13.875, 1.125], "texture": "#20"},
				"down": {"uv": [14.8125, 1.25, 13.875, 1.3125], "texture": "#20"}
			}
		},
		{
			"name": "boden2",
			"from": [-3, 17, -3],
			"to": [3, 20, -2.5],
			"faces": {
				"north": {"uv": [11.375, 3.5, 12.125, 3.875], "texture": "#20"},
				"east": {"uv": [13.375, 14.25, 13.4375, 14.625], "texture": "#20"},
				"south": {"uv": [11.375, 3.875, 12.125, 4.25], "texture": "#20"},
				"west": {"uv": [13.5, 14.25, 13.5625, 14.625], "texture": "#20"},
				"up": {"uv": [14.625, 5.8125, 13.875, 5.75], "texture": "#20"},
				"down": {"uv": [14.625, 8.625, 13.875, 8.6875], "texture": "#20"}
			}
		},
		{
			"name": "stange",
			"from": [1, 5, 10],
			"to": [1.5, 23, 10.5],
			"rotation": {"angle": 0, "axis": "y", "origin": [0, 0, 1]},
			"faces": {
				"north": {"uv": [4.875, 12.875, 4.9375, 15.125], "texture": "#20"},
				"east": {"uv": [5, 12.875, 5.0625, 15.125], "texture": "#20"},
				"south": {"uv": [5.125, 12.875, 5.1875, 15.125], "texture": "#20"},
				"west": {"uv": [5.25, 12.875, 5.3125, 15.125], "texture": "#20"},
				"up": {"uv": [4.4375, 14.8125, 4.375, 14.75], "texture": "#20"},
				"down": {"uv": [14.8125, 4.375, 14.75, 4.4375], "texture": "#20"}
			}
		},
		{
			"name": "stange",
			"from": [5, 5, -2],
			"to": [5.5, 13, -1.5],
			"faces": {
				"north": {"uv": [4.375, 13.75, 4.4375, 14.75], "texture": "#20"},
				"east": {"uv": [5.375, 13.75, 5.4375, 14.75], "texture": "#20"},
				"south": {"uv": [5.5, 13.75, 5.5625, 14.75], "texture": "#20"},
				"west": {"uv": [5.625, 13.75, 5.6875, 14.75], "texture": "#20"},
				"up": {"uv": [4.5625, 14.8125, 4.5, 14.75], "texture": "#20"},
				"down": {"uv": [14.8125, 4.5, 14.75, 4.5625], "texture": "#20"}
			}
		},
		{
			"name": "stange",
			"from": [4.75, 13, -2],
			"to": [5.25, 16, -1.5],
			"faces": {
				"north": {"uv": [14.25, 13.5, 14.3125, 13.875], "texture": "#20"},
				"east": {"uv": [13.75, 14.25, 13.8125, 14.625], "texture": "#20"},
				"south": {"uv": [13.875, 14.25, 13.9375, 14.625], "texture": "#20"},
				"west": {"uv": [14, 14.25, 14.0625, 14.625], "texture": "#20"},
				"up": {"uv": [14.8125, 4.6875, 14.75, 4.625], "texture": "#20"},
				"down": {"uv": [14.8125, 4.75, 14.75, 4.8125], "texture": "#20"}
			}
		},
		{
			"name": "stange",
			"from": [4.5, 16, -2],
			"to": [5, 19, -1.5],
			"faces": {
				"north": {"uv": [14.125, 14.25, 14.1875, 14.625], "texture": "#20"},
				"east": {"uv": [14.25, 14.25, 14.3125, 14.625], "texture": "#20"},
				"south": {"uv": [0, 14.375, 0.0625, 14.75], "texture": "#20"},
				"west": {"uv": [14.375, 0, 14.4375, 0.375], "texture": "#20"},
				"up": {"uv": [14.8125, 4.9375, 14.75, 4.875], "texture": "#20"},
				"down": {"uv": [14.8125, 5, 14.75, 5.0625], "texture": "#20"}
			}
		},
		{
			"name": "stange",
			"from": [4.25, 19, -2],
			"to": [4.75, 23, -1.5],
			"faces": {
				"north": {"uv": [9.125, 14, 9.1875, 14.5], "texture": "#20"},
				"east": {"uv": [9.25, 14, 9.3125, 14.5], "texture": "#20"},
				"south": {"uv": [9.875, 14, 9.9375, 14.5], "texture": "#20"},
				"west": {"uv": [10, 14, 10.0625, 14.5], "texture": "#20"},
				"up": {"uv": [14.8125, 5.1875, 14.75, 5.125], "texture": "#20"},
				"down": {"uv": [14.8125, 5.25, 14.75, 5.3125], "texture": "#20"}
			}
		},
		{
			"name": "stange",
			"from": [11.25, 19, -2],
			"to": [11.75, 23, -1.5],
			"rotation": {"angle": 0, "axis": "y", "origin": [16, 0, 0]},
			"faces": {
				"north": {"uv": [10.125, 14, 10.1875, 14.5], "texture": "#20"},
				"east": {"uv": [10.25, 14, 10.3125, 14.5], "texture": "#20"},
				"south": {"uv": [10.375, 14, 10.4375, 14.5], "texture": "#20"},
				"west": {"uv": [10.5, 14, 10.5625, 14.5], "texture": "#20"},
				"up": {"uv": [5.4375, 14.8125, 5.375, 14.75], "texture": "#20"},
				"down": {"uv": [14.8125, 5.375, 14.75, 5.4375], "texture": "#20"}
			}
		},
		{
			"name": "stange",
			"from": [11, 16, -2],
			"to": [11.5, 19, -1.5],
			"rotation": {"angle": 0, "axis": "y", "origin": [16, 0, 0]},
			"faces": {
				"north": {"uv": [14.375, 0.375, 14.4375, 0.75], "texture": "#20"},
				"east": {"uv": [0.5, 14.375, 0.5625, 14.75], "texture": "#20"},
				"south": {"uv": [0.625, 14.375, 0.6875, 14.75], "texture": "#20"},
				"west": {"uv": [1, 14.375, 1.0625, 14.75], "texture": "#20"},
				"up": {"uv": [5.5625, 14.8125, 5.5, 14.75], "texture": "#20"},
				"down": {"uv": [14.8125, 5.5, 14.75, 5.5625], "texture": "#20"}
			}
		},
		{
			"name": "stange",
			"from": [10.75, 13, -2],
			"to": [11.25, 16, -1.5],
			"rotation": {"angle": 0, "axis": "y", "origin": [16, 0, 0]},
			"faces": {
				"north": {"uv": [1.125, 14.375, 1.1875, 14.75], "texture": "#20"},
				"east": {"uv": [1.25, 14.375, 1.3125, 14.75], "texture": "#20"},
				"south": {"uv": [1.375, 14.375, 1.4375, 14.75], "texture": "#20"},
				"west": {"uv": [1.5, 14.375, 1.5625, 14.75], "texture": "#20"},
				"up": {"uv": [5.6875, 14.8125, 5.625, 14.75], "texture": "#20"},
				"down": {"uv": [14.8125, 5.625, 14.75, 5.6875], "texture": "#20"}
			}
		},
		{
			"name": "stange",
			"from": [10.5, 5, -2],
			"to": [11, 13, -1.5],
			"rotation": {"angle": 0, "axis": "y", "origin": [16, 0, 0]},
			"faces": {
				"north": {"uv": [5.75, 13.75, 5.8125, 14.75], "texture": "#20"},
				"east": {"uv": [5.875, 13.75, 5.9375, 14.75], "texture": "#20"},
				"south": {"uv": [6, 13.75, 6.0625, 14.75], "texture": "#20"},
				"west": {"uv": [6.125, 13.75, 6.1875, 14.75], "texture": "#20"},
				"up": {"uv": [5.8125, 14.8125, 5.75, 14.75], "texture": "#20"},
				"down": {"uv": [14.8125, 5.75, 14.75, 5.8125], "texture": "#20"}
			}
		},
		{
			"name": "stange",
			"from": [15, 5, 10],
			"to": [15.5, 23, 10.5],
			"rotation": {"angle": 0, "axis": "y", "origin": [0, 0, 1]},
			"faces": {
				"north": {"uv": [12.875, 10.125, 12.9375, 12.375], "texture": "#20"},
				"east": {"uv": [12.875, 12.375, 12.9375, 14.625], "texture": "#20"},
				"south": {"uv": [6.875, 13, 6.9375, 15.25], "texture": "#20"},
				"west": {"uv": [7, 13, 7.0625, 15.25], "texture": "#20"},
				"up": {"uv": [14.8125, 10.3125, 14.75, 10.25], "texture": "#20"},
				"down": {"uv": [10.4375, 14.75, 10.375, 14.8125], "texture": "#20"}
			}
		},
		{
			"name": "stange",
			"from": [-2, 19.5, 10],
			"to": [18, 19.9, 10.5],
			"rotation": {"angle": 0, "axis": "y", "origin": [0, 0, 1]},
			"faces": {
				"north": {"uv": [11.375, 0.875, 13.875, 0.9375], "texture": "#20"},
				"east": {"uv": [5.875, 14.75, 5.9375, 14.8125], "texture": "#20"},
				"south": {"uv": [12.125, 9.375, 14.625, 9.4375], "texture": "#20"},
				"west": {"uv": [6, 14.75, 6.0625, 14.8125], "texture": "#20"},
				"up": {"uv": [14.75, 3.4375, 12.25, 3.375], "texture": "#20"},
				"down": {"uv": [14.875, 5.875, 12.375, 5.9375], "texture": "#20"}
			}
		},
		{
			"name": "stange",
			"from": [12.5, 17, 10],
			"to": [12.75, 20, 10.5],
			"rotation": {"angle": 22.5, "axis": "z", "origin": [0, 0, 1]},
			"faces": {
				"north": {"uv": [1.625, 14.375, 1.6875, 14.75], "texture": "#20"},
				"east": {"uv": [1.75, 14.375, 1.8125, 14.75], "texture": "#20"},
				"south": {"uv": [1.875, 14.375, 1.9375, 14.75], "texture": "#20"},
				"west": {"uv": [2, 14.375, 2.0625, 14.75], "texture": "#20"},
				"up": {"uv": [14.8125, 6.0625, 14.75, 6], "texture": "#20"},
				"down": {"uv": [6.1875, 14.75, 6.125, 14.8125], "texture": "#20"}
			}
		},
		{
			"name": "stange",
			"from": [3.25, 17, 10],
			"to": [3.5, 20, 10.5],
			"rotation": {"angle": -22.5, "axis": "z", "origin": [16, 0, 1]},
			"faces": {
				"north": {"uv": [2.125, 14.375, 2.1875, 14.75], "texture": "#20"},
				"east": {"uv": [2.25, 14.375, 2.3125, 14.75], "texture": "#20"},
				"south": {"uv": [2.875, 14.375, 2.9375, 14.75], "texture": "#20"},
				"west": {"uv": [3, 14.375, 3.0625, 14.75], "texture": "#20"},
				"up": {"uv": [14.8125, 6.1875, 14.75, 6.125], "texture": "#20"},
				"down": {"uv": [14.8125, 6.25, 14.75, 6.3125], "texture": "#20"}
			}
		},
		{
			"name": "stange",
			"from": [5, 20.25, 9.75],
			"to": [11, 22.25, 10.75],
			"rotation": {"angle": 0, "axis": "y", "origin": [0, 0, 1]},
			"faces": {
				"north": {"uv": [12.25, 2.5, 13, 2.75], "texture": "#20"},
				"east": {"uv": [14, 7.25, 14.125, 7.5], "texture": "#20"},
				"south": {"uv": [12.25, 2.75, 13, 3], "texture": "#20"},
				"west": {"uv": [13.75, 14, 13.875, 14.25], "texture": "#20"},
				"up": {"uv": [10.5, 9.625, 9.75, 9.5], "texture": "#20"},
				"down": {"uv": [13.875, 5.75, 13.125, 5.875], "texture": "#20"}
			}
		},
		{
			"name": "stange",
			"from": [5.25, 20.5, 9.65],
			"to": [10.75, 22, 10.85],
			"rotation": {"angle": 0, "axis": "y", "origin": [0, 0, 1]},
			"faces": {
				"north": {"uv": [12.5, 1, 13.1875, 1.1875], "texture": "#20"},
				"east": {"uv": [14.375, 1.75, 14.5, 1.9375], "texture": "#20"},
				"south": {"uv": [12.75, 3, 13.4375, 3.1875], "texture": "#20"},
				"west": {"uv": [3.125, 14.375, 3.25, 14.5625], "texture": "#20"},
				"up": {"uv": [13.8125, 9, 13.125, 8.875], "texture": "#20"},
				"down": {"uv": [14.0625, 1.875, 13.375, 2], "texture": "#20"}
			}
		},
		{
			"name": "seat",
			"from": [-3, 8, 11],
			"to": [1, 9, 15.5],
			"faces": {
				"north": {"uv": [13.75, 4.625, 14.25, 4.75], "texture": "#20"},
				"east": {"uv": [13.375, 8.5, 13.9375, 8.625], "texture": "#20"},
				"south": {"uv": [13.75, 4.75, 14.25, 4.875], "texture": "#20"},
				"west": {"uv": [13.5, 1.75, 14.0625, 1.875], "texture": "#20"},
				"up": {"uv": [8.625, 11.9375, 8.125, 11.375], "texture": "#20"},
				"down": {"uv": [9.875, 11.375, 9.375, 11.9375], "texture": "#20"}
			}
		},
		{
			"name": "seat",
			"from": [-3, 9, 11],
			"to": [-2, 13, 15.5],
			"faces": {
				"north": {"uv": [13.75, 5.25, 13.875, 5.75], "texture": "#20"},
				"east": {"uv": [11.375, 10.5, 11.9375, 11], "texture": "#20"},
				"south": {"uv": [6.25, 13.75, 6.375, 14.25], "texture": "#20"},
				"west": {"uv": [11.625, 2.5, 12.1875, 3], "texture": "#20"},
				"up": {"uv": [1.125, 14.3125, 1, 13.75], "texture": "#20"},
				"down": {"uv": [13.875, 1, 13.75, 1.5625], "texture": "#20"}
			}
		},
		{
			"name": "seat",
			"from": [-3, 9, 16],
			"to": [-2, 13, 20.5],
			"faces": {
				"north": {"uv": [13.75, 6.25, 13.875, 6.75], "texture": "#20"},
				"east": {"uv": [11.625, 3, 12.1875, 3.5], "texture": "#20"},
				"south": {"uv": [6.375, 13.75, 6.5, 14.25], "texture": "#20"},
				"west": {"uv": [11.625, 5.25, 12.1875, 5.75], "texture": "#20"},
				"up": {"uv": [1.25, 14.3125, 1.125, 13.75], "texture": "#20"},
				"down": {"uv": [1.375, 13.75, 1.25, 14.3125], "texture": "#20"}
			}
		},
		{
			"name": "seat",
			"from": [-3, 8, 16],
			"to": [1, 9, 20.5],
			"faces": {
				"north": {"uv": [13.75, 4.875, 14.25, 5], "texture": "#20"},
				"east": {"uv": [13.5, 3, 14.0625, 3.125], "texture": "#20"},
				"south": {"uv": [13.75, 6.75, 14.25, 6.875], "texture": "#20"},
				"west": {"uv": [13.5, 3.125, 14.0625, 3.25], "texture": "#20"},
				"up": {"uv": [7.625, 12.1875, 7.125, 11.625], "texture": "#20"},
				"down": {"uv": [12.125, 7.625, 11.625, 8.1875], "texture": "#20"}
			}
		},
		{
			"name": "seat",
			"from": [18, 9, 11],
			"to": [19, 13, 15.5],
			"faces": {
				"north": {"uv": [6.5, 13.75, 6.625, 14.25], "texture": "#20"},
				"east": {"uv": [11.625, 8.25, 12.1875, 8.75], "texture": "#20"},
				"south": {"uv": [6.625, 13.75, 6.75, 14.25], "texture": "#20"},
				"west": {"uv": [9.875, 11.625, 10.4375, 12.125], "texture": "#20"},
				"up": {"uv": [1.5, 14.3125, 1.375, 13.75], "texture": "#20"},
				"down": {"uv": [1.625, 13.75, 1.5, 14.3125], "texture": "#20"}
			}
		},
		{
			"name": "seat",
			"from": [18, 9, 16.5],
			"to": [19, 13, 21],
			"faces": {
				"north": {"uv": [6.75, 13.75, 6.875, 14.25], "texture": "#20"},
				"east": {"uv": [10.5, 11.625, 11.0625, 12.125], "texture": "#20"},
				"south": {"uv": [7.125, 13.75, 7.25, 14.25], "texture": "#20"},
				"west": {"uv": [11.125, 11.625, 11.6875, 12.125], "texture": "#20"},
				"up": {"uv": [1.75, 14.3125, 1.625, 13.75], "texture": "#20"},
				"down": {"uv": [1.875, 13.75, 1.75, 14.3125], "texture": "#20"}
			}
		},
		{
			"name": "seat",
			"from": [15, 8, 11],
			"to": [19, 9, 15.5],
			"faces": {
				"north": {"uv": [13.75, 6.875, 14.25, 7], "texture": "#20"},
				"east": {"uv": [13.5, 5, 14.0625, 5.125], "texture": "#20"},
				"south": {"uv": [13.75, 7, 14.25, 7.125], "texture": "#20"},
				"west": {"uv": [13.5, 5.125, 14.0625, 5.25], "texture": "#20"},
				"up": {"uv": [12.25, 12.1875, 11.75, 11.625], "texture": "#20"},
				"down": {"uv": [12.375, 4.25, 11.875, 4.8125], "texture": "#20"}
			}
		},
		{
			"name": "seat",
			"from": [15, 8, 16.5],
			"to": [19, 9, 21],
			"faces": {
				"north": {"uv": [13.75, 7.125, 14.25, 7.25], "texture": "#20"},
				"east": {"uv": [13.5, 8.375, 14.0625, 8.5], "texture": "#20"},
				"south": {"uv": [13.75, 7.625, 14.25, 7.75], "texture": "#20"},
				"west": {"uv": [13.5, 9, 14.0625, 9.125], "texture": "#20"},
				"up": {"uv": [12.375, 11.5625, 11.875, 11], "texture": "#20"},
				"down": {"uv": [0.5, 12, 0, 12.5625], "texture": "#20"}
			}
		},
		{
			"name": "seat",
			"from": [15, 11, -4],
			"to": [19, 17, -3],
			"faces": {
				"north": {"uv": [10.875, 3.5, 11.375, 4.25], "texture": "#20"},
				"east": {"uv": [13.125, 1.25, 13.25, 2], "texture": "#20"},
				"south": {"uv": [7.125, 10.875, 7.625, 11.625], "texture": "#20"},
				"west": {"uv": [13.125, 13.375, 13.25, 14.125], "texture": "#20"},
				"up": {"uv": [14.25, 7.875, 13.75, 7.75], "texture": "#20"},
				"down": {"uv": [8.375, 13.75, 7.875, 13.875], "texture": "#20"}
			}
		},
		{
			"name": "seat",
			"from": [-3, 11, -4],
			"to": [1, 17, -3],
			"faces": {
				"north": {"uv": [10.875, 10.5, 11.375, 11.25], "texture": "#20"},
				"east": {"uv": [13.5, 1, 13.625, 1.75], "texture": "#20"},
				"south": {"uv": [11.125, 5.25, 11.625, 6], "texture": "#20"},
				"west": {"uv": [13.5, 3.5, 13.625, 4.25], "texture": "#20"},
				"up": {"uv": [14.25, 8, 13.75, 7.875], "texture": "#20"},
				"down": {"uv": [14.25, 8, 13.75, 8.125], "texture": "#20"}
			}
		},
		{
			"name": "seat",
			"from": [10.5, 11, -4],
			"to": [14.5, 17, -3],
			"faces": {
				"north": {"uv": [11.125, 7.625, 11.625, 8.375], "texture": "#20"},
				"east": {"uv": [13.5, 4.25, 13.625, 5], "texture": "#20"},
				"south": {"uv": [11.125, 8.375, 11.625, 9.125], "texture": "#20"},
				"west": {"uv": [13.5, 7.625, 13.625, 8.375], "texture": "#20"},
				"up": {"uv": [14.25, 8.25, 13.75, 8.125], "texture": "#20"},
				"down": {"uv": [14.25, 8.25, 13.75, 8.375], "texture": "#20"}
			}
		},
		{
			"name": "seat",
			"from": [1.5, 11, -4],
			"to": [5.5, 17, -3],
			"faces": {
				"north": {"uv": [1, 11.25, 1.5, 12], "texture": "#20"},
				"east": {"uv": [13.5, 10, 13.625, 10.75], "texture": "#20"},
				"south": {"uv": [1.5, 11.25, 2, 12], "texture": "#20"},
				"west": {"uv": [13.5, 10.75, 13.625, 11.5], "texture": "#20"},
				"up": {"uv": [14.25, 9.25, 13.75, 9.125], "texture": "#20"},
				"down": {"uv": [14.25, 9.25, 13.75, 9.375], "texture": "#20"}
			}
		},
		{
			"name": "seat",
			"from": [15, 10, -7],
			"to": [19, 11, -3],
			"faces": {
				"north": {"uv": [13.75, 9.625, 14.25, 9.75], "texture": "#20"},
				"east": {"uv": [13.75, 9.75, 14.25, 9.875], "texture": "#20"},
				"south": {"uv": [9.875, 13.75, 10.375, 13.875], "texture": "#20"},
				"west": {"uv": [13.75, 9.875, 14.25, 10], "texture": "#20"},
				"up": {"uv": [1.375, 12.5, 0.875, 12], "texture": "#20"},
				"down": {"uv": [1.875, 12, 1.375, 12.5], "texture": "#20"}
			}
		},
		{
			"name": "seat",
			"from": [10.5, 10, -7],
			"to": [14.5, 11, -3],
			"faces": {
				"north": {"uv": [13.75, 10, 14.25, 10.125], "texture": "#20"},
				"east": {"uv": [13.75, 10.125, 14.25, 10.25], "texture": "#20"},
				"south": {"uv": [13.75, 10.25, 14.25, 10.375], "texture": "#20"},
				"west": {"uv": [10.375, 13.75, 10.875, 13.875], "texture": "#20"},
				"up": {"uv": [5.875, 12.5, 5.375, 12], "texture": "#20"},
				"down": {"uv": [6.375, 12, 5.875, 12.5], "texture": "#20"}
			}
		},
		{
			"name": "seat",
			"from": [10, 13, -7],
			"to": [10.5, 13.5, -3.5],
			"faces": {
				"north": {"uv": [14.75, 6.375, 14.8125, 6.4375], "texture": "#20"},
				"east": {"uv": [14.25, 7.125, 14.6875, 7.1875], "texture": "#20"},
				"south": {"uv": [6.5, 14.75, 6.5625, 14.8125], "texture": "#20"},
				"west": {"uv": [14.25, 7.875, 14.6875, 7.9375], "texture": "#20"},
				"up": {"uv": [8.3125, 14.6875, 8.25, 14.25], "texture": "#20"},
				"down": {"uv": [8.4375, 14.25, 8.375, 14.6875], "texture": "#20"}
			}
		},
		{
			"name": "seat",
			"from": [14.5, 13, -7],
			"to": [15, 13.5, -3.5],
			"rotation": {"angle": 0, "axis": "y", "origin": [4.5, 0, 0]},
			"faces": {
				"north": {"uv": [14.75, 6.5, 14.8125, 6.5625], "texture": "#20"},
				"east": {"uv": [14.25, 8, 14.6875, 8.0625], "texture": "#20"},
				"south": {"uv": [6.625, 14.75, 6.6875, 14.8125], "texture": "#20"},
				"west": {"uv": [14.25, 8.125, 14.6875, 8.1875], "texture": "#20"},
				"up": {"uv": [8.5625, 14.6875, 8.5, 14.25], "texture": "#20"},
				"down": {"uv": [8.6875, 14.25, 8.625, 14.6875], "texture": "#20"}
			}
		},
		{
			"name": "seat",
			"from": [14.5, 10.5, -6.5],
			"to": [15, 13, -6],
			"rotation": {"angle": 0, "axis": "y", "origin": [4.5, 0, 0]},
			"faces": {
				"north": {"uv": [3.25, 14.375, 3.3125, 14.6875], "texture": "#20"},
				"east": {"uv": [3.375, 14.375, 3.4375, 14.6875], "texture": "#20"},
				"south": {"uv": [4.125, 14.375, 4.1875, 14.6875], "texture": "#20"},
				"west": {"uv": [4.25, 14.375, 4.3125, 14.6875], "texture": "#20"},
				"up": {"uv": [14.8125, 6.6875, 14.75, 6.625], "texture": "#20"},
				"down": {"uv": [6.8125, 14.75, 6.75, 14.8125], "texture": "#20"}
			}
		},
		{
			"name": "seat",
			"from": [10, 10.5, -6.5],
			"to": [10.5, 13, -6],
			"rotation": {"angle": 0, "axis": "y", "origin": [4.5, 0, 0]},
			"faces": {
				"north": {"uv": [4.5, 14.375, 4.5625, 14.6875], "texture": "#20"},
				"east": {"uv": [14.375, 6.625, 14.4375, 6.9375], "texture": "#20"},
				"south": {"uv": [14.375, 7.25, 14.4375, 7.5625], "texture": "#20"},
				"west": {"uv": [7.625, 14.375, 7.6875, 14.6875], "texture": "#20"},
				"up": {"uv": [14.8125, 6.8125, 14.75, 6.75], "texture": "#20"},
				"down": {"uv": [14.8125, 6.875, 14.75, 6.9375], "texture": "#20"}
			}
		},
		{
			"name": "seat",
			"from": [1, 10.5, -6.5],
			"to": [1.5, 13, -6],
			"rotation": {"angle": 0, "axis": "y", "origin": [4.5, 0, 0]},
			"faces": {
				"north": {"uv": [14.375, 9.5, 14.4375, 9.8125], "texture": "#20"},
				"east": {"uv": [14.375, 10.25, 14.4375, 10.5625], "texture": "#20"},
				"south": {"uv": [14.375, 11.25, 14.4375, 11.5625], "texture": "#20"},
				"west": {"uv": [14.375, 11.625, 14.4375, 11.9375], "texture": "#20"},
				"up": {"uv": [14.8125, 7.0625, 14.75, 7], "texture": "#20"},
				"down": {"uv": [7.1875, 14.75, 7.125, 14.8125], "texture": "#20"}
			}
		},
		{
			"name": "seat",
			"from": [5.5, 10.5, -6.5],
			"to": [6, 13, -6],
			"rotation": {"angle": 0, "axis": "y", "origin": [4.5, 0, 0]},
			"faces": {
				"north": {"uv": [14.375, 12, 14.4375, 12.3125], "texture": "#20"},
				"east": {"uv": [12.25, 14.375, 12.3125, 14.6875], "texture": "#20"},
				"south": {"uv": [14.375, 12.375, 14.4375, 12.6875], "texture": "#20"},
				"west": {"uv": [14.375, 12.75, 14.4375, 13.0625], "texture": "#20"},
				"up": {"uv": [14.8125, 7.1875, 14.75, 7.125], "texture": "#20"},
				"down": {"uv": [7.3125, 14.75, 7.25, 14.8125], "texture": "#20"}
			}
		},
		{
			"name": "seat",
			"from": [1, 13, -7],
			"to": [1.5, 13.5, -3.5],
			"rotation": {"angle": 0, "axis": "y", "origin": [-9, 0, 0]},
			"faces": {
				"north": {"uv": [14.75, 7.25, 14.8125, 7.3125], "texture": "#20"},
				"east": {"uv": [14.25, 8.25, 14.6875, 8.3125], "texture": "#20"},
				"south": {"uv": [7.375, 14.75, 7.4375, 14.8125], "texture": "#20"},
				"west": {"uv": [14.25, 8.5, 14.6875, 8.5625], "texture": "#20"},
				"up": {"uv": [8.8125, 14.6875, 8.75, 14.25], "texture": "#20"},
				"down": {"uv": [9.4375, 14.25, 9.375, 14.6875], "texture": "#20"}
			}
		},
		{
			"name": "seat",
			"from": [5.5, 13, -7],
			"to": [6, 13.5, -3.5],
			"rotation": {"angle": 0, "axis": "y", "origin": [-4.5, 0, 0]},
			"faces": {
				"north": {"uv": [14.75, 7.375, 14.8125, 7.4375], "texture": "#20"},
				"east": {"uv": [14.25, 8.75, 14.6875, 8.8125], "texture": "#20"},
				"south": {"uv": [7.5, 14.75, 7.5625, 14.8125], "texture": "#20"},
				"west": {"uv": [14.25, 8.875, 14.6875, 8.9375], "texture": "#20"},
				"up": {"uv": [9.5625, 14.6875, 9.5, 14.25], "texture": "#20"},
				"down": {"uv": [14.3125, 9.5, 14.25, 9.9375], "texture": "#20"}
			}
		},
		{
			"name": "seat",
			"from": [1, 10.5, -11],
			"to": [1.5, 13, -10.5],
			"rotation": {"angle": 0, "axis": "y", "origin": [4.5, 0, 16]},
			"faces": {
				"north": {"uv": [13.125, 14.375, 13.1875, 14.6875], "texture": "#20"},
				"east": {"uv": [14.375, 13.125, 14.4375, 13.4375], "texture": "#20"},
				"south": {"uv": [14.375, 13.5, 14.4375, 13.8125], "texture": "#20"},
				"west": {"uv": [13.625, 14.375, 13.6875, 14.6875], "texture": "#20"},
				"up": {"uv": [14.8125, 7.5625, 14.75, 7.5], "texture": "#20"},
				"down": {"uv": [7.6875, 14.75, 7.625, 14.8125], "texture": "#20"}
			}
		},
		{
			"name": "seat",
			"from": [1, 13, -13.5],
			"to": [1.5, 13.5, -10],
			"rotation": {"angle": 0, "axis": "y", "origin": [-9, 0, 16]},
			"faces": {
				"north": {"uv": [14.75, 7.625, 14.8125, 7.6875], "texture": "#20"},
				"east": {"uv": [14.25, 9.125, 14.6875, 9.1875], "texture": "#20"},
				"south": {"uv": [7.75, 14.75, 7.8125, 14.8125], "texture": "#20"},
				"west": {"uv": [14.25, 9.25, 14.6875, 9.3125], "texture": "#20"},
				"up": {"uv": [9.6875, 14.6875, 9.625, 14.25], "texture": "#20"},
				"down": {"uv": [9.8125, 14.25, 9.75, 14.6875], "texture": "#20"}
			}
		},
		{
			"name": "seat",
			"from": [5.5, 13, -13.5],
			"to": [6, 13.5, -10],
			"rotation": {"angle": 0, "axis": "y", "origin": [-4.5, 0, 16]},
			"faces": {
				"north": {"uv": [14.75, 7.75, 14.8125, 7.8125], "texture": "#20"},
				"east": {"uv": [14.25, 10, 14.6875, 10.0625], "texture": "#20"},
				"south": {"uv": [7.875, 14.75, 7.9375, 14.8125], "texture": "#20"},
				"west": {"uv": [14.25, 10.125, 14.6875, 10.1875], "texture": "#20"},
				"up": {"uv": [14.3125, 10.6875, 14.25, 10.25], "texture": "#20"},
				"down": {"uv": [10.6875, 14.25, 10.625, 14.6875], "texture": "#20"}
			}
		},
		{
			"name": "seat",
			"from": [5.5, 10.5, -11],
			"to": [6, 13, -10.5],
			"rotation": {"angle": 0, "axis": "y", "origin": [4.5, 0, 16]},
			"faces": {
				"north": {"uv": [14.375, 13.875, 14.4375, 14.1875], "texture": "#20"},
				"east": {"uv": [14.375, 14.25, 14.4375, 14.5625], "texture": "#20"},
				"south": {"uv": [14.5, 0, 14.5625, 0.3125], "texture": "#20"},
				"west": {"uv": [14.5, 0.375, 14.5625, 0.6875], "texture": "#20"},
				"up": {"uv": [14.8125, 7.9375, 14.75, 7.875], "texture": "#20"},
				"down": {"uv": [8.0625, 14.75, 8, 14.8125], "texture": "#20"}
			}
		},
		{
			"name": "seat",
			"from": [10, 10.5, -11],
			"to": [10.5, 13, -10.5],
			"rotation": {"angle": 0, "axis": "y", "origin": [4.5, 0, 16]},
			"faces": {
				"north": {"uv": [0.75, 14.5, 0.8125, 14.8125], "texture": "#20"},
				"east": {"uv": [14.5, 1.625, 14.5625, 1.9375], "texture": "#20"},
				"south": {"uv": [3.5, 14.5, 3.5625, 14.8125], "texture": "#20"},
				"west": {"uv": [4.625, 14.5, 4.6875, 14.8125], "texture": "#20"},
				"up": {"uv": [14.8125, 8.0625, 14.75, 8], "texture": "#20"},
				"down": {"uv": [8.1875, 14.75, 8.125, 14.8125], "texture": "#20"}
			}
		},
		{
			"name": "seat",
			"from": [14.5, 13, -13.5],
			"to": [15, 13.5, -10],
			"rotation": {"angle": 0, "axis": "y", "origin": [4.5, 0, 16]},
			"faces": {
				"north": {"uv": [14.75, 8.125, 14.8125, 8.1875], "texture": "#20"},
				"east": {"uv": [14.25, 10.75, 14.6875, 10.8125], "texture": "#20"},
				"south": {"uv": [8.25, 14.75, 8.3125, 14.8125], "texture": "#20"},
				"west": {"uv": [14.25, 10.875, 14.6875, 10.9375], "texture": "#20"},
				"up": {"uv": [10.8125, 14.6875, 10.75, 14.25], "texture": "#20"},
				"down": {"uv": [10.9375, 14.25, 10.875, 14.6875], "texture": "#20"}
			}
		},
		{
			"name": "seat",
			"from": [14.5, 10.5, -11],
			"to": [15, 13, -10.5],
			"rotation": {"angle": 0, "axis": "y", "origin": [4.5, 0, 16]},
			"faces": {
				"north": {"uv": [14.5, 4.625, 14.5625, 4.9375], "texture": "#20"},
				"east": {"uv": [4.75, 14.5, 4.8125, 14.8125], "texture": "#20"},
				"south": {"uv": [6.25, 14.5, 6.3125, 14.8125], "texture": "#20"},
				"west": {"uv": [6.375, 14.5, 6.4375, 14.8125], "texture": "#20"},
				"up": {"uv": [14.8125, 8.3125, 14.75, 8.25], "texture": "#20"},
				"down": {"uv": [8.4375, 14.75, 8.375, 14.8125], "texture": "#20"}
			}
		},
		{
			"name": "seat",
			"from": [10, 13, -13.5],
			"to": [10.5, 13.5, -10],
			"rotation": {"angle": 0, "axis": "y", "origin": [0, 0, 16]},
			"faces": {
				"north": {"uv": [14.75, 8.375, 14.8125, 8.4375], "texture": "#20"},
				"east": {"uv": [14.25, 11, 14.6875, 11.0625], "texture": "#20"},
				"south": {"uv": [8.5, 14.75, 8.5625, 14.8125], "texture": "#20"},
				"west": {"uv": [14.25, 11.125, 14.6875, 11.1875], "texture": "#20"},
				"up": {"uv": [11.1875, 14.6875, 11.125, 14.25], "texture": "#20"},
				"down": {"uv": [11.3125, 14.25, 11.25, 14.6875], "texture": "#20"}
			}
		},
		{
			"name": "seat",
			"from": [1.5, 10, -7],
			"to": [5.5, 11, -3],
			"faces": {
				"north": {"uv": [13.75, 10.375, 14.25, 10.5], "texture": "#20"},
				"east": {"uv": [13.75, 10.5, 14.25, 10.625], "texture": "#20"},
				"south": {"uv": [13.75, 10.625, 14.25, 10.75], "texture": "#20"},
				"west": {"uv": [13.75, 10.75, 14.25, 10.875], "texture": "#20"},
				"up": {"uv": [8.625, 12.5, 8.125, 12], "texture": "#20"},
				"down": {"uv": [9.875, 12, 9.375, 12.5], "texture": "#20"}
			}
		},
		{
			"name": "seat",
			"from": [-3, 10, -7],
			"to": [1, 11, -3],
			"faces": {
				"north": {"uv": [13.75, 10.875, 14.25, 11], "texture": "#20"},
				"east": {"uv": [13.75, 11, 14.25, 11.125], "texture": "#20"},
				"south": {"uv": [13.75, 11.125, 14.25, 11.25], "texture": "#20"},
				"west": {"uv": [13.75, 11.25, 14.25, 11.375], "texture": "#20"},
				"up": {"uv": [12.5, 11, 12, 10.5], "texture": "#20"},
				"down": {"uv": [3.5, 12.125, 3, 12.625], "texture": "#20"}
			}
		},
		{
			"name": "seat",
			"from": [16, 17, -4],
			"to": [18, 18, -3],
			"faces": {
				"north": {"uv": [12.875, 1.875, 13.125, 2], "texture": "#20"},
				"east": {"uv": [14.5, 0.75, 14.625, 0.875], "texture": "#20"},
				"south": {"uv": [12.875, 8.625, 13.125, 8.75], "texture": "#20"},
				"west": {"uv": [6.5, 14.5, 6.625, 14.625], "texture": "#20"},
				"up": {"uv": [13.375, 3, 13.125, 2.875], "texture": "#20"},
				"down": {"uv": [14.25, 6.625, 14, 6.75], "texture": "#20"}
			}
		},
		{
			"name": "seat",
			"from": [11.5, 17, -4],
			"to": [13.5, 18, -3],
			"faces": {
				"north": {"uv": [14, 8.5, 14.25, 8.625], "texture": "#20"},
				"east": {"uv": [6.625, 14.5, 6.75, 14.625], "texture": "#20"},
				"south": {"uv": [13.875, 14, 14.125, 14.125], "texture": "#20"},
				"west": {"uv": [14.5, 6.625, 14.625, 6.75], "texture": "#20"},
				"up": {"uv": [14.375, 0.125, 14.125, 0], "texture": "#20"},
				"down": {"uv": [14.375, 0.125, 14.125, 0.25], "texture": "#20"}
			}
		},
		{
			"name": "seat",
			"from": [2.5, 17, -4],
			"to": [4.5, 18, -3],
			"faces": {
				"north": {"uv": [14.125, 0.25, 14.375, 0.375], "texture": "#20"},
				"east": {"uv": [6.75, 14.5, 6.875, 14.625], "texture": "#20"},
				"south": {"uv": [14.125, 0.375, 14.375, 0.5], "texture": "#20"},
				"west": {"uv": [14.5, 6.75, 14.625, 6.875], "texture": "#20"},
				"up": {"uv": [14.375, 0.625, 14.125, 0.5], "texture": "#20"},
				"down": {"uv": [0.875, 14.125, 0.625, 14.25], "texture": "#20"}
			}
		},
		{
			"name": "seat",
			"from": [-2, 17, -4],
			"to": [0, 18, -3],
			"faces": {
				"north": {"uv": [14.125, 0.625, 14.375, 0.75], "texture": "#20"},
				"east": {"uv": [14.5, 6.875, 14.625, 7], "texture": "#20"},
				"south": {"uv": [14.125, 0.75, 14.375, 0.875], "texture": "#20"},
				"west": {"uv": [14.5, 7, 14.625, 7.125], "texture": "#20"},
				"up": {"uv": [14.375, 1.875, 14.125, 1.75], "texture": "#20"},
				"down": {"uv": [14.375, 1.875, 14.125, 2], "texture": "#20"}
			}
		},
		{
			"name": "seat",
			"from": [15, 10, -13],
			"to": [19, 11, -10],
			"faces": {
				"north": {"uv": [13.75, 11.375, 14.25, 11.5], "texture": "#20"},
				"east": {"uv": [11.875, 5.125, 12.25, 5.25], "texture": "#20"},
				"south": {"uv": [13.75, 11.5, 14.25, 11.625], "texture": "#20"},
				"west": {"uv": [7.875, 13.875, 8.25, 14], "texture": "#20"},
				"up": {"uv": [12.125, 9.125, 11.625, 8.75], "texture": "#20"},
				"down": {"uv": [12.75, 3, 12.25, 3.375], "texture": "#20"}
			}
		},
		{
			"name": "seat",
			"from": [10.5, 10, -13],
			"to": [14.5, 11, -10],
			"faces": {
				"north": {"uv": [13.75, 11.625, 14.25, 11.75], "texture": "#20"},
				"east": {"uv": [13.875, 8.75, 14.25, 8.875], "texture": "#20"},
				"south": {"uv": [13.75, 11.75, 14.25, 11.875], "texture": "#20"},
				"west": {"uv": [13.875, 8.875, 14.25, 9], "texture": "#20"},
				"up": {"uv": [12.75, 5.5, 12.25, 5.125], "texture": "#20"},
				"down": {"uv": [12.75, 6.5, 12.25, 6.875], "texture": "#20"}
			}
		},
		{
			"name": "seat",
			"from": [1.5, 10, -13],
			"to": [5.5, 11, -10],
			"faces": {
				"north": {"uv": [13.75, 11.875, 14.25, 12], "texture": "#20"},
				"east": {"uv": [13.875, 9.5, 14.25, 9.625], "texture": "#20"},
				"south": {"uv": [13.75, 12, 14.25, 12.125], "texture": "#20"},
				"west": {"uv": [9.875, 13.875, 10.25, 14], "texture": "#20"},
				"up": {"uv": [12.75, 7.25, 12.25, 6.875], "texture": "#20"},
				"down": {"uv": [12.875, 1.25, 12.375, 1.625], "texture": "#20"}
			}
		},
		{
			"name": "seat",
			"from": [-3, 10, -13],
			"to": [1, 11, -10],
			"faces": {
				"north": {"uv": [13.75, 12.125, 14.25, 12.25], "texture": "#20"},
				"east": {"uv": [10.25, 13.875, 10.625, 14], "texture": "#20"},
				"south": {"uv": [13.75, 12.25, 14.25, 12.375], "texture": "#20"},
				"west": {"uv": [13.75, 13.875, 14.125, 14], "texture": "#20"},
				"up": {"uv": [12.875, 2, 12.375, 1.625], "texture": "#20"},
				"down": {"uv": [12.875, 4.25, 12.375, 4.625], "texture": "#20"}
			}
		},
		{
			"name": "knopf3",
			"from": [16.8, 12, -2],
			"to": [16.9, 12.6, -1.4],
			"faces": {
				"north": {"uv": [14.75, 8.5, 14.8125, 8.5625], "texture": "#20"},
				"east": {"uv": [8.625, 14.75, 8.6875, 14.8125], "texture": "#20"},
				"south": {"uv": [14.75, 8.625, 14.8125, 8.6875], "texture": "#20"},
				"west": {"uv": [8.75, 14.75, 8.8125, 14.8125], "texture": "#20"},
				"up": {"uv": [14.8125, 8.8125, 14.75, 8.75], "texture": "#20"},
				"down": {"uv": [8.9375, 14.75, 8.875, 14.8125], "texture": "#20"}
			}
		},
		{
			"name": "knopf4",
			"from": [16.85, 11.9, -2.1],
			"to": [16.95, 12.7, -1.3],
			"faces": {
				"north": {"uv": [3.625, 14.625, 3.6875, 14.75], "texture": "#20"},
				"east": {"uv": [7.125, 14.5, 7.25, 14.625], "texture": "#20"},
				"south": {"uv": [3.75, 14.625, 3.8125, 14.75], "texture": "#20"},
				"west": {"uv": [7.25, 14.5, 7.375, 14.625], "texture": "#20"},
				"up": {"uv": [3.9375, 14.75, 3.875, 14.625], "texture": "#20"},
				"down": {"uv": [4.0625, 14.625, 4, 14.75], "texture": "#20"}
			}
		},
		{
			"name": "knopf4",
			"from": [-0.95, 12, -2],
			"to": [-0.85, 12.6, -1.4],
			"faces": {
				"north": {"uv": [14.75, 8.875, 14.8125, 8.9375], "texture": "#20"},
				"east": {"uv": [9, 14.75, 9.0625, 14.8125], "texture": "#20"},
				"south": {"uv": [14.75, 9, 14.8125, 9.0625], "texture": "#20"},
				"west": {"uv": [9.125, 14.75, 9.1875, 14.8125], "texture": "#20"},
				"up": {"uv": [14.8125, 9.1875, 14.75, 9.125], "texture": "#20"},
				"down": {"uv": [9.3125, 14.75, 9.25, 14.8125], "texture": "#20"}
			}
		},
		{
			"name": "knopf5",
			"from": [-1, 11.9, -2.1],
			"to": [-0.9, 12.7, -1.3],
			"faces": {
				"north": {"uv": [14.625, 4.625, 14.6875, 4.75], "texture": "#20"},
				"east": {"uv": [14.5, 7.25, 14.625, 7.375], "texture": "#20"},
				"south": {"uv": [14.625, 4.75, 14.6875, 4.875], "texture": "#20"},
				"west": {"uv": [7.375, 14.5, 7.5, 14.625], "texture": "#20"},
				"up": {"uv": [14.6875, 5, 14.625, 4.875], "texture": "#20"},
				"down": {"uv": [14.6875, 5, 14.625, 5.125], "texture": "#20"}
			}
		},
		{
			"name": "knopf4",
			"from": [16.8, 12, 9.5],
			"to": [16.9, 12.6, 10.1],
			"faces": {
				"north": {"uv": [14.75, 9.25, 14.8125, 9.3125], "texture": "#20"},
				"east": {"uv": [9.375, 14.75, 9.4375, 14.8125], "texture": "#20"},
				"south": {"uv": [14.75, 9.375, 14.8125, 9.4375], "texture": "#20"},
				"west": {"uv": [9.5, 14.75, 9.5625, 14.8125], "texture": "#20"},
				"up": {"uv": [14.8125, 9.5625, 14.75, 9.5], "texture": "#20"},
				"down": {"uv": [9.6875, 14.75, 9.625, 14.8125], "texture": "#20"}
			}
		},
		{
			"name": "knopf5",
			"from": [16.85, 11.9, 9.4],
			"to": [16.95, 12.7, 10.2],
			"faces": {
				"north": {"uv": [14.625, 5.125, 14.6875, 5.25], "texture": "#20"},
				"east": {"uv": [14.5, 7.375, 14.625, 7.5], "texture": "#20"},
				"south": {"uv": [14.625, 5.375, 14.6875, 5.5], "texture": "#20"},
				"west": {"uv": [7.5, 14.5, 7.625, 14.625], "texture": "#20"},
				"up": {"uv": [14.6875, 5.625, 14.625, 5.5], "texture": "#20"},
				"down": {"uv": [14.6875, 5.625, 14.625, 5.75], "texture": "#20"}
			}
		},
		{
			"name": "knopf5",
			"from": [-0.95, 12, 9.5],
			"to": [-0.85, 12.6, 10.1],
			"faces": {
				"north": {"uv": [14.75, 9.625, 14.8125, 9.6875], "texture": "#20"},
				"east": {"uv": [9.75, 14.75, 9.8125, 14.8125], "texture": "#20"},
				"south": {"uv": [14.75, 9.75, 14.8125, 9.8125], "texture": "#20"},
				"west": {"uv": [9.875, 14.75, 9.9375, 14.8125], "texture": "#20"},
				"up": {"uv": [14.8125, 9.9375, 14.75, 9.875], "texture": "#20"},
				"down": {"uv": [10.0625, 14.75, 10, 14.8125], "texture": "#20"}
			}
		},
		{
			"name": "knopf6",
			"from": [-1, 11.9, 9.4],
			"to": [-0.9, 12.7, 10.2],
			"faces": {
				"north": {"uv": [14.625, 5.75, 14.6875, 5.875], "texture": "#20"},
				"east": {"uv": [14.5, 7.5, 14.625, 7.625], "texture": "#20"},
				"south": {"uv": [14.625, 6, 14.6875, 6.125], "texture": "#20"},
				"west": {"uv": [14.5, 7.625, 14.625, 7.75], "texture": "#20"},
				"up": {"uv": [14.6875, 6.25, 14.625, 6.125], "texture": "#20"},
				"down": {"uv": [14.6875, 6.25, 14.625, 6.375], "texture": "#20"}
			}
		},
		{
			"name": "knopf7",
			"from": [-1, 10.7, 9.4],
			"to": [-0.9, 11.7, 10.4],
			"faces": {
				"north": {"uv": [14.625, 6.375, 14.6875, 6.5], "texture": "#20"},
				"east": {"uv": [7.75, 14.5, 7.875, 14.625], "texture": "#20"},
				"south": {"uv": [6.5, 14.625, 6.5625, 14.75], "texture": "#20"},
				"west": {"uv": [14.5, 7.75, 14.625, 7.875], "texture": "#20"},
				"up": {"uv": [14.6875, 6.625, 14.625, 6.5], "texture": "#20"},
				"down": {"uv": [6.6875, 14.625, 6.625, 14.75], "texture": "#20"}
			}
		},
		{
			"name": "knopf8",
			"from": [-1, 10.7, -2.3],
			"to": [-0.9, 11.7, -1.3],
			"faces": {
				"north": {"uv": [14.625, 6.625, 14.6875, 6.75], "texture": "#20"},
				"east": {"uv": [7.875, 14.5, 8, 14.625], "texture": "#20"},
				"south": {"uv": [6.75, 14.625, 6.8125, 14.75], "texture": "#20"},
				"west": {"uv": [8, 14.5, 8.125, 14.625], "texture": "#20"},
				"up": {"uv": [14.6875, 6.875, 14.625, 6.75], "texture": "#20"},
				"down": {"uv": [14.6875, 6.875, 14.625, 7], "texture": "#20"}
			}
		},
		{
			"name": "knopf9",
			"from": [16.9, 10.7, -2.3],
			"to": [17, 11.7, -1.3],
			"rotation": {"angle": 0, "axis": "y", "origin": [16, 0, 0]},
			"faces": {
				"north": {"uv": [14.625, 7, 14.6875, 7.125], "texture": "#20"},
				"east": {"uv": [8.125, 14.5, 8.25, 14.625], "texture": "#20"},
				"south": {"uv": [7.125, 14.625, 7.1875, 14.75], "texture": "#20"},
				"west": {"uv": [14.5, 8.375, 14.625, 8.5], "texture": "#20"},
				"up": {"uv": [7.3125, 14.75, 7.25, 14.625], "texture": "#20"},
				"down": {"uv": [14.6875, 7.25, 14.625, 7.375], "texture": "#20"}
			}
		},
		{
			"name": "knopf8",
			"from": [16.9, 10.7, 9.4],
			"to": [17, 11.7, 10.4],
			"rotation": {"angle": 0, "axis": "y", "origin": [16, 0, 0]},
			"faces": {
				"north": {"uv": [7.375, 14.625, 7.4375, 14.75], "texture": "#20"},
				"east": {"uv": [8.875, 14.5, 9, 14.625], "texture": "#20"},
				"south": {"uv": [14.625, 7.375, 14.6875, 7.5], "texture": "#20"},
				"west": {"uv": [9, 14.5, 9.125, 14.625], "texture": "#20"},
				"up": {"uv": [7.5625, 14.75, 7.5, 14.625], "texture": "#20"},
				"down": {"uv": [14.6875, 7.5, 14.625, 7.625], "texture": "#20"}
			}
		},
		{
			"name": "knopf2",
			"from": [19.1, 7, -6],
			"to": [20.1, 7.8, -5],
			"faces": {
				"north": {"uv": [14.5, 9, 14.625, 9.125], "texture": "#20"},
				"east": {"uv": [9.125, 14.5, 9.25, 14.625], "texture": "#20"},
				"south": {"uv": [9.25, 14.5, 9.375, 14.625], "texture": "#20"},
				"west": {"uv": [14.5, 9.5, 14.625, 9.625], "texture": "#20"},
				"up": {"uv": [14.625, 9.75, 14.5, 9.625], "texture": "#20"},
				"down": {"uv": [14.625, 9.75, 14.5, 9.875], "texture": "#20"}
			}
		},
		{
			"name": "knopf1",
			"from": [-4.2, 7, -6],
			"to": [-3.2, 7.8, -5],
			"faces": {
				"north": {"uv": [9.875, 14.5, 10, 14.625], "texture": "#20"},
				"east": {"uv": [14.5, 9.875, 14.625, 10], "texture": "#20"},
				"south": {"uv": [10, 14.5, 10.125, 14.625], "texture": "#20"},
				"west": {"uv": [10.125, 14.5, 10.25, 14.625], "texture": "#20"},
				"up": {"uv": [10.375, 14.625, 10.25, 14.5], "texture": "#20"},
				"down": {"uv": [14.625, 10.25, 14.5, 10.375], "texture": "#20"}
			}
		},
		{
			"name": "seat",
			"from": [-3, 9, 21],
			"to": [1, 16, 22],
			"faces": {
				"north": {"uv": [4.75, 7.625, 5.25, 8.5], "texture": "#20"},
				"east": {"uv": [13.375, 1, 13.5, 1.875], "texture": "#20"},
				"south": {"uv": [6.875, 10, 7.375, 10.875], "texture": "#20"},
				"west": {"uv": [13.375, 3.5, 13.5, 4.375], "texture": "#20"},
				"up": {"uv": [14.25, 12.5, 13.75, 12.375], "texture": "#20"},
				"down": {"uv": [14.25, 12.5, 13.75, 12.625], "texture": "#20"}
			}
		},
		{
			"name": "seat",
			"from": [1.5, 9, 21],
			"to": [5.5, 16, 22],
			"faces": {
				"north": {"uv": [7.375, 10, 7.875, 10.875], "texture": "#20"},
				"east": {"uv": [13.375, 4.375, 13.5, 5.25], "texture": "#20"},
				"south": {"uv": [10.125, 5.25, 10.625, 6.125], "texture": "#20"},
				"west": {"uv": [13.375, 7.625, 13.5, 8.5], "texture": "#20"},
				"up": {"uv": [14.25, 12.75, 13.75, 12.625], "texture": "#20"},
				"down": {"uv": [14.25, 12.75, 13.75, 12.875], "texture": "#20"}
			}
		},
		{
			"name": "seat",
			"from": [0, 9, -2.4],
			"to": [4, 13, -1.9],
			"faces": {
				"north": {"uv": [3.5, 12.125, 4, 12.625], "texture": "#20"},
				"east": {"uv": [3.625, 14.125, 3.6875, 14.625], "texture": "#20"},
				"south": {"uv": [12.125, 3.5, 12.625, 4], "texture": "#20"},
				"west": {"uv": [3.75, 14.125, 3.8125, 14.625], "texture": "#20"},
				"up": {"uv": [14.625, 3.0625, 14.125, 3], "texture": "#20"},
				"down": {"uv": [14.625, 3.125, 14.125, 3.1875], "texture": "#20"}
			}
		},
		{
			"name": "seat",
			"from": [12, 9, -1.85],
			"to": [16, 11.75, -1.1],
			"rotation": {"angle": 0, "axis": "y", "origin": [11.5, 0, 0]},
			"faces": {
				"north": {"uv": [12.375, 5.5, 12.875, 5.875], "texture": "#20"},
				"east": {"uv": [8.25, 13.875, 8.375, 14.25], "texture": "#20"},
				"south": {"uv": [12.375, 7.625, 12.875, 8], "texture": "#20"},
				"west": {"uv": [10.625, 13.875, 10.75, 14.25], "texture": "#20"},
				"up": {"uv": [14.25, 13, 13.75, 12.875], "texture": "#20"},
				"down": {"uv": [14.25, 13, 13.75, 13.125], "texture": "#20"}
			}
		},
		{
			"name": "seat",
			"from": [0, 9, -1.85],
			"to": [4, 11.75, -1.1],
			"rotation": {"angle": 0, "axis": "y", "origin": [11.5, 0, 0]},
			"faces": {
				"north": {"uv": [12.375, 8, 12.875, 8.375], "texture": "#20"},
				"east": {"uv": [10.75, 13.875, 10.875, 14.25], "texture": "#20"},
				"south": {"uv": [12.375, 8.375, 12.875, 8.75], "texture": "#20"},
				"west": {"uv": [2, 14, 2.125, 14.375], "texture": "#20"},
				"up": {"uv": [14.25, 13.25, 13.75, 13.125], "texture": "#20"},
				"down": {"uv": [14.25, 13.25, 13.75, 13.375], "texture": "#20"}
			}
		},
		{
			"name": "seat",
			"from": [12, 9, -2.4],
			"to": [16, 13, -1.9],
			"rotation": {"angle": 0, "axis": "y", "origin": [11.5, 0, 0]},
			"faces": {
				"north": {"uv": [4, 12.125, 4.5, 12.625], "texture": "#20"},
				"east": {"uv": [3.875, 14.125, 3.9375, 14.625], "texture": "#20"},
				"south": {"uv": [6.375, 12.125, 6.875, 12.625], "texture": "#20"},
				"west": {"uv": [4, 14.125, 4.0625, 14.625], "texture": "#20"},
				"up": {"uv": [14.625, 5.0625, 14.125, 5], "texture": "#20"},
				"down": {"uv": [14.625, 5.125, 14.125, 5.1875], "texture": "#20"}
			}
		},
		{
			"name": "seat",
			"from": [10.5, 9, 21],
			"to": [14.5, 16, 22],
			"faces": {
				"north": {"uv": [10.25, 9.75, 10.75, 10.625], "texture": "#20"},
				"east": {"uv": [13.375, 10.125, 13.5, 11], "texture": "#20"},
				"south": {"uv": [1, 10.375, 1.5, 11.25], "texture": "#20"},
				"west": {"uv": [13.375, 11, 13.5, 11.875], "texture": "#20"},
				"up": {"uv": [14.25, 13.5, 13.75, 13.375], "texture": "#20"},
				"down": {"uv": [14.25, 13.5, 13.75, 13.625], "texture": "#20"}
			}
		},
		{
			"name": "seat",
			"from": [15, 9, 21],
			"to": [19, 16, 22],
			"faces": {
				"north": {"uv": [1.5, 10.375, 2, 11.25], "texture": "#20"},
				"east": {"uv": [13.375, 11.875, 13.5, 12.75], "texture": "#20"},
				"south": {"uv": [2, 10.375, 2.5, 11.25], "texture": "#20"},
				"west": {"uv": [13.375, 12.75, 13.5, 13.625], "texture": "#20"},
				"up": {"uv": [14.25, 13.75, 13.75, 13.625], "texture": "#20"},
				"down": {"uv": [14.25, 13.75, 13.75, 13.875], "texture": "#20"}
			}
		},
		{
			"name": "seat",
			"from": [16, 16, 21],
			"to": [18, 17, 22],
			"faces": {
				"north": {"uv": [4.125, 14.125, 4.375, 14.25], "texture": "#20"},
				"east": {"uv": [10.375, 14.5, 10.5, 14.625], "texture": "#20"},
				"south": {"uv": [14.125, 7.25, 14.375, 7.375], "texture": "#20"},
				"west": {"uv": [14.5, 10.375, 14.625, 10.5], "texture": "#20"},
				"up": {"uv": [14.375, 7.5, 14.125, 7.375], "texture": "#20"},
				"down": {"uv": [14.375, 7.5, 14.125, 7.625], "texture": "#20"}
			}
		},
		{
			"name": "seat",
			"from": [11.5, 16, 21],
			"to": [13.5, 17, 22],
			"faces": {
				"north": {"uv": [14.125, 8.375, 14.375, 8.5], "texture": "#20"},
				"east": {"uv": [10.5, 14.5, 10.625, 14.625], "texture": "#20"},
				"south": {"uv": [14.125, 9, 14.375, 9.125], "texture": "#20"},
				"west": {"uv": [14.5, 10.5, 14.625, 10.625], "texture": "#20"},
				"up": {"uv": [14.125, 14.25, 13.875, 14.125], "texture": "#20"},
				"down": {"uv": [14.375, 13.875, 14.125, 14], "texture": "#20"}
			}
		},
		{
			"name": "seat",
			"from": [2.5, 16, 21],
			"to": [4.5, 17, 22],
			"faces": {
				"north": {"uv": [14.125, 14, 14.375, 14.125], "texture": "#20"},
				"east": {"uv": [14.5, 10.625, 14.625, 10.75], "texture": "#20"},
				"south": {"uv": [14.125, 14.125, 14.375, 14.25], "texture": "#20"},
				"west": {"uv": [14.5, 11.25, 14.625, 11.375], "texture": "#20"},
				"up": {"uv": [0.75, 14.375, 0.5, 14.25], "texture": "#20"},
				"down": {"uv": [14.5, 1.625, 14.25, 1.75], "texture": "#20"}
			}
		},
		{
			"name": "seat",
			"from": [-2, 16, 21],
			"to": [0, 17, 22],
			"faces": {
				"north": {"uv": [3, 14.25, 3.25, 14.375], "texture": "#20"},
				"east": {"uv": [14.5, 11.375, 14.625, 11.5], "texture": "#20"},
				"south": {"uv": [3.25, 14.25, 3.5, 14.375], "texture": "#20"},
				"west": {"uv": [14.5, 11.5, 14.625, 11.625], "texture": "#20"},
				"up": {"uv": [4.375, 14.375, 4.125, 14.25], "texture": "#20"},
				"down": {"uv": [14.5, 4.625, 14.25, 4.75], "texture": "#20"}
			}
		},
		{
			"name": "door1",
			"from": [-8.7, 18, 1],
			"to": [-7.7, 20, 1.5],
			"rotation": {"angle": -22.5, "axis": "z", "origin": [8, 8, 8]},
			"faces": {
				"north": {"uv": [12.25, 14.125, 12.375, 14.375], "texture": "#20"},
				"east": {"uv": [11.625, 14.5, 11.6875, 14.75], "texture": "#20"},
				"south": {"uv": [13.125, 14.125, 13.25, 14.375], "texture": "#20"},
				"west": {"uv": [14.5, 11.625, 14.5625, 11.875], "texture": "#20"},
				"up": {"uv": [14.75, 7.6875, 14.625, 7.625], "texture": "#20"},
				"down": {"uv": [7.875, 14.625, 7.75, 14.6875], "texture": "#20"}
			}
		},
		{
			"name": "door1",
			"from": [-8.6, 18, 1],
			"to": [-7.6, 20, 6.5],
			"rotation": {"angle": -22.5, "axis": "z", "origin": [8, 8, 8]},
			"faces": {
				"north": {"uv": [13.625, 14.125, 13.75, 14.375], "texture": "#20"},
				"east": {"uv": [12.375, 2.25, 13.0625, 2.5], "texture": "#20"},
				"south": {"uv": [0.75, 14.25, 0.875, 14.5], "texture": "#20"},
				"west": {"uv": [12.375, 4.625, 13.0625, 4.875], "texture": "#20"},
				"up": {"uv": [13.625, 12.1875, 13.5, 11.5], "texture": "#20"},
				"down": {"uv": [12.125, 13.5, 12, 14.1875], "texture": "#20"}
			}
		},
		{
			"name": "door1",
			"from": [-8.7, 18, 6],
			"to": [-7.7, 20, 6.5],
			"rotation": {"angle": -22.5, "axis": "z", "origin": [8, 8, 8]},
			"faces": {
				"north": {"uv": [3.5, 14.25, 3.625, 14.5], "texture": "#20"},
				"east": {"uv": [11.75, 14.5, 11.8125, 14.75], "texture": "#20"},
				"south": {"uv": [4.625, 14.25, 4.75, 14.5], "texture": "#20"},
				"west": {"uv": [11.875, 14.5, 11.9375, 14.75], "texture": "#20"},
				"up": {"uv": [14.75, 7.8125, 14.625, 7.75], "texture": "#20"},
				"down": {"uv": [8, 14.625, 7.875, 14.6875], "texture": "#20"}
			}
		},
		{
			"name": "door1",
			"from": [-8.7, 20, 1],
			"to": [-7.7, 20.25, 6.5],
			"rotation": {"angle": -22.5, "axis": "z", "origin": [8, 8, 8]},
			"faces": {
				"north": {"uv": [8, 14.625, 8.125, 14.6875], "texture": "#20"},
				"east": {"uv": [14, 2.25, 14.6875, 2.3125], "texture": "#20"},
				"south": {"uv": [8.125, 14.625, 8.25, 14.6875], "texture": "#20"},
				"west": {"uv": [14, 2.375, 14.6875, 2.4375], "texture": "#20"},
				"up": {"uv": [12.25, 14.1875, 12.125, 13.5], "texture": "#20"},
				"down": {"uv": [13.625, 12.25, 13.5, 12.9375], "texture": "#20"}
			}
		},
		{
			"name": "door1",
			"from": [-8.7, 18, 1],
			"to": [-7.7, 18.25, 6],
			"rotation": {"angle": -22.5, "axis": "z", "origin": [8, 8, 8]},
			"faces": {
				"north": {"uv": [14.625, 8.375, 14.75, 8.4375], "texture": "#20"},
				"east": {"uv": [14, 5.375, 14.625, 5.4375], "texture": "#20"},
				"south": {"uv": [14.625, 8.625, 14.75, 8.6875], "texture": "#20"},
				"west": {"uv": [14, 5.5, 14.625, 5.5625], "texture": "#20"},
				"up": {"uv": [8.75, 14.25, 8.625, 13.625], "texture": "#20"},
				"down": {"uv": [8.875, 13.625, 8.75, 14.25], "texture": "#20"}
			}
		},
		{
			"name": "door1",
			"from": [-8.7, 18.5, 1],
			"to": [-7.7, 18.75, 6],
			"rotation": {"angle": -22.5, "axis": "z", "origin": [8, 8, 8]},
			"faces": {
				"north": {"uv": [8.875, 14.625, 9, 14.6875], "texture": "#20"},
				"east": {"uv": [14, 5.625, 14.625, 5.6875], "texture": "#20"},
				"south": {"uv": [9, 14.625, 9.125, 14.6875], "texture": "#20"},
				"west": {"uv": [14, 6, 14.625, 6.0625], "texture": "#20"},
				"up": {"uv": [9.5, 14.25, 9.375, 13.625], "texture": "#20"},
				"down": {"uv": [9.625, 13.625, 9.5, 14.25], "texture": "#20"}
			}
		},
		{
			"name": "door1",
			"from": [-8.7, 19.5, 1],
			"to": [-7.7, 19.75, 6],
			"rotation": {"angle": -22.5, "axis": "z", "origin": [8, 8, 8]},
			"faces": {
				"north": {"uv": [14.625, 9, 14.75, 9.0625], "texture": "#20"},
				"east": {"uv": [14, 6.125, 14.625, 6.1875], "texture": "#20"},
				"south": {"uv": [9.125, 14.625, 9.25, 14.6875], "texture": "#20"},
				"west": {"uv": [14, 6.25, 14.625, 6.3125], "texture": "#20"},
				"up": {"uv": [9.75, 14.25, 9.625, 13.625], "texture": "#20"},
				"down": {"uv": [9.875, 13.625, 9.75, 14.25], "texture": "#20"}
			}
		},
		{
			"name": "door1",
			"from": [-8.7, 19, 1],
			"to": [-7.7, 19.25, 6],
			"rotation": {"angle": -22.5, "axis": "z", "origin": [8, 8, 8]},
			"faces": {
				"north": {"uv": [9.25, 14.625, 9.375, 14.6875], "texture": "#20"},
				"east": {"uv": [14, 6.375, 14.625, 6.4375], "texture": "#20"},
				"south": {"uv": [14.625, 9.375, 14.75, 9.4375], "texture": "#20"},
				"west": {"uv": [14, 6.5, 14.625, 6.5625], "texture": "#20"},
				"up": {"uv": [13.75, 10.375, 13.625, 9.75], "texture": "#20"},
				"down": {"uv": [13.75, 10.375, 13.625, 11], "texture": "#20"}
			}
		},
		{
			"name": "door2",
			"from": [23.7, 18, 1],
			"to": [24.7, 20, 1.5],
			"rotation": {"angle": 22.5, "axis": "z", "origin": [8, 8, 8]},
			"faces": {
				"north": {"uv": [14.25, 4.75, 14.375, 5], "texture": "#20"},
				"east": {"uv": [14.5, 11.875, 14.5625, 12.125], "texture": "#20"},
				"south": {"uv": [6.25, 14.25, 6.375, 14.5], "texture": "#20"},
				"west": {"uv": [12, 14.5, 12.0625, 14.75], "texture": "#20"},
				"up": {"uv": [14.75, 9.5625, 14.625, 9.5], "texture": "#20"},
				"down": {"uv": [14.75, 9.625, 14.625, 9.6875], "texture": "#20"}
			}
		},
		{
			"name": "door1",
			"from": [23.6, 18, 1],
			"to": [24.6, 20, 6.5],
			"rotation": {"angle": 22.5, "axis": "z", "origin": [8, 8, 8]},
			"faces": {
				"north": {"uv": [6.375, 14.25, 6.5, 14.5], "texture": "#20"},
				"east": {"uv": [12.375, 8.75, 13.0625, 9], "texture": "#20"},
				"south": {"uv": [6.5, 14.25, 6.625, 14.5], "texture": "#20"},
				"west": {"uv": [12.375, 9.75, 13.0625, 10], "texture": "#20"},
				"up": {"uv": [12.5, 14.1875, 12.375, 13.5], "texture": "#20"},
				"down": {"uv": [12.625, 13.5, 12.5, 14.1875], "texture": "#20"}
			}
		},
		{
			"name": "door1",
			"from": [23.7, 20, 1],
			"to": [24.7, 20.25, 6.5],
			"rotation": {"angle": 22.5, "axis": "z", "origin": [8, 8, 8]},
			"faces": {
				"north": {"uv": [14.625, 9.75, 14.75, 9.8125], "texture": "#20"},
				"east": {"uv": [14, 2.5, 14.6875, 2.5625], "texture": "#20"},
				"south": {"uv": [9.875, 14.625, 10, 14.6875], "texture": "#20"},
				"west": {"uv": [14, 2.625, 14.6875, 2.6875], "texture": "#20"},
				"up": {"uv": [12.75, 14.1875, 12.625, 13.5], "texture": "#20"},
				"down": {"uv": [12.875, 13.5, 12.75, 14.1875], "texture": "#20"}
			}
		},
		{
			"name": "door2",
			"from": [23.7, 18, 6],
			"to": [24.7, 20, 6.5],
			"rotation": {"angle": 22.5, "axis": "z", "origin": [8, 8, 8]},
			"faces": {
				"north": {"uv": [6.625, 14.25, 6.75, 14.5], "texture": "#20"},
				"east": {"uv": [12.125, 14.5, 12.1875, 14.75], "texture": "#20"},
				"south": {"uv": [14.25, 6.625, 14.375, 6.875], "texture": "#20"},
				"west": {"uv": [14.5, 12.125, 14.5625, 12.375], "texture": "#20"},
				"up": {"uv": [14.75, 9.9375, 14.625, 9.875], "texture": "#20"},
				"down": {"uv": [10.125, 14.625, 10, 14.6875], "texture": "#20"}
			}
		},
		{
			"name": "door1",
			"from": [23.7, 18, 1],
			"to": [24.7, 18.25, 6.5],
			"rotation": {"angle": 22.5, "axis": "z", "origin": [8, 8, 8]},
			"faces": {
				"north": {"uv": [10.125, 14.625, 10.25, 14.6875], "texture": "#20"},
				"east": {"uv": [14, 3.5, 14.6875, 3.5625], "texture": "#20"},
				"south": {"uv": [10.25, 14.625, 10.375, 14.6875], "texture": "#20"},
				"west": {"uv": [3.625, 14, 4.3125, 14.0625], "texture": "#20"},
				"up": {"uv": [13.625, 13.6875, 13.5, 13], "texture": "#20"},
				"down": {"uv": [13.75, 1, 13.625, 1.6875], "texture": "#20"}
			}
		},
		{
			"name": "door1",
			"from": [23.7, 19, 1],
			"to": [24.7, 19.25, 6.5],
			"rotation": {"angle": 22.5, "axis": "z", "origin": [8, 8, 8]},
			"faces": {
				"north": {"uv": [14.625, 10.25, 14.75, 10.3125], "texture": "#20"},
				"east": {"uv": [14, 3.625, 14.6875, 3.6875], "texture": "#20"},
				"south": {"uv": [10.375, 14.625, 10.5, 14.6875], "texture": "#20"},
				"west": {"uv": [14, 3.75, 14.6875, 3.8125], "texture": "#20"},
				"up": {"uv": [2, 14.3125, 1.875, 13.625], "texture": "#20"},
				"down": {"uv": [3, 13.625, 2.875, 14.3125], "texture": "#20"}
			}
		},
		{
			"name": "door1",
			"from": [23.7, 19.5, 1],
			"to": [24.7, 19.75, 6.5],
			"rotation": {"angle": 22.5, "axis": "z", "origin": [8, 8, 8]},
			"faces": {
				"north": {"uv": [14.625, 10.375, 14.75, 10.4375], "texture": "#20"},
				"east": {"uv": [14, 3.875, 14.6875, 3.9375], "texture": "#20"},
				"south": {"uv": [10.5, 14.625, 10.625, 14.6875], "texture": "#20"},
				"west": {"uv": [14, 4.375, 14.6875, 4.4375], "texture": "#20"},
				"up": {"uv": [13.75, 4.1875, 13.625, 3.5], "texture": "#20"},
				"down": {"uv": [13.75, 4.25, 13.625, 4.9375], "texture": "#20"}
			}
		},
		{
			"name": "door1",
			"from": [23.7, 18.5, 1],
			"to": [24.7, 18.75, 6.5],
			"rotation": {"angle": 22.5, "axis": "z", "origin": [8, 8, 8]},
			"faces": {
				"north": {"uv": [14.625, 10.5, 14.75, 10.5625], "texture": "#20"},
				"east": {"uv": [14, 4.5, 14.6875, 4.5625], "texture": "#20"},
				"south": {"uv": [14.625, 10.625, 14.75, 10.6875], "texture": "#20"},
				"west": {"uv": [14, 5.25, 14.6875, 5.3125], "texture": "#20"},
				"up": {"uv": [7.75, 14.3125, 7.625, 13.625], "texture": "#20"},
				"down": {"uv": [13.75, 7.625, 13.625, 8.3125], "texture": "#20"}
			}
		}
	],
	"display": {
		"head": {
			"translation": [0, -8, 0],
			"scale": [4, 4, 4]
		}
	}
}