{
	"credit": "Created with Blockbench [Exported as resourcepack with the \"resourcepack_packager\" plugin]",
	"texture_size": [64, 64],
	"textures": {
		"3": "item/chainmail_boots/chainmail_boots"
	},
	"elements": [
		{
			"from": [0, 0.5, -3],
			"to": [13, 3.5, 8],
			"faces": {
				"north": {"uv": [0, 5.5, 3.25, 6.25], "texture": "#3"},
				"east": {"uv": [6.5, 0, 9.25, 0.75], "texture": "#3"},
				"south": {"uv": [3.25, 5.5, 6.5, 6.25], "texture": "#3"},
				"west": {"uv": [6.5, 0.75, 9.25, 1.5], "texture": "#3"},
				"up": {"uv": [3.25, 2.75, 0, 0], "texture": "#3"},
				"down": {"uv": [3.25, 2.75, 0, 5.5], "texture": "#3"}
			}
		},
		{
			"from": [-2, -2, 0],
			"to": [0, 3, 1.25],
			"faces": {
				"north": {"uv": [6.5, 3, 7, 4.25], "texture": "#3"},
				"east": {"uv": [1.5, 10.75, 1.75, 12], "texture": "#3"},
				"south": {"uv": [6.5, 4.25, 7, 5.5], "texture": "#3"},
				"west": {"uv": [10.75, 1.5, 11, 2.75], "texture": "#3"},
				"up": {"uv": [12.5, 10.25, 12, 10], "texture": "#3"},
				"down": {"uv": [12.5, 10.25, 12, 10.5], "texture": "#3"}
			}
		},
		{
			"from": [-2, -1, 5],
			"to": [0, 2, 7],
			"rotation": {"angle": 0, "axis": "y", "origin": [0, -1, 0]},
			"faces": {
				"north": {"uv": [10.5, 5.5, 11, 6.25], "texture": "#3"},
				"east": {"uv": [6.5, 10.5, 7, 11.25], "texture": "#3"},
				"south": {"uv": [10.5, 6.75, 11, 7.5], "texture": "#3"},
				"west": {"uv": [7, 10.5, 7.5, 11.25], "texture": "#3"},
				"up": {"uv": [1.5, 12, 1, 11.5], "texture": "#3"},
				"down": {"uv": [7, 11.5, 6.5, 12], "texture": "#3"}
			}
		},
		{
			"from": [-3, 0, -1],
			"to": [-2, 1, 7],
			"faces": {
				"north": {"uv": [9.25, 2.5, 9.5, 2.75], "texture": "#3"},
				"east": {"uv": [10, 6.25, 12, 6.5], "texture": "#3"},
				"south": {"uv": [9.25, 2.75, 9.5, 3], "texture": "#3"},
				"west": {"uv": [10, 6.5, 12, 6.75], "texture": "#3"},
				"up": {"uv": [10.25, 8.75, 10, 6.75], "texture": "#3"},
				"down": {"uv": [10.25, 8.75, 10, 10.75], "texture": "#3"}
			}
		},
		{
			"from": [-3, 0, -4],
			"to": [-2, 1, 0],
			"rotation": {"angle": 45, "axis": "x", "origin": [0, 0, 0]},
			"faces": {
				"north": {"uv": [8.75, 12, 9, 12.25], "texture": "#3"},
				"east": {"uv": [11.5, 3, 12.5, 3.25], "texture": "#3"},
				"south": {"uv": [4.5, 12.25, 4.75, 12.5], "texture": "#3"},
				"west": {"uv": [7, 11.5, 8, 11.75], "texture": "#3"},
				"up": {"uv": [10.5, 2.5, 10.25, 1.5], "texture": "#3"},
				"down": {"uv": [11.75, 7.75, 11.5, 8.75], "texture": "#3"}
			}
		},
		{
			"from": [-2, -6, 4.75],
			"to": [0, -1, 6.75],
			"rotation": {"angle": -45, "axis": "x", "origin": [0, -1, 0]},
			"faces": {
				"north": {"uv": [6.5, 5.5, 7, 6.75], "texture": "#3"},
				"east": {"uv": [6.5, 6.75, 7, 8], "texture": "#3"},
				"south": {"uv": [0, 7, 0.5, 8.25], "texture": "#3"},
				"west": {"uv": [0.5, 7, 1, 8.25], "texture": "#3"},
				"up": {"uv": [8.5, 12, 8, 11.5], "texture": "#3"},
				"down": {"uv": [9, 11.5, 8.5, 12], "texture": "#3"}
			}
		},
		{
			"from": [-2, -2.25, 0],
			"to": [0, 2.75, 1.25],
			"rotation": {"angle": -22.5, "axis": "x", "origin": [0, 0, 0]},
			"faces": {
				"north": {"uv": [1, 7, 1.5, 8.25], "texture": "#3"},
				"east": {"uv": [1.75, 10.75, 2, 12], "texture": "#3"},
				"south": {"uv": [1.5, 7, 2, 8.25], "texture": "#3"},
				"west": {"uv": [2, 10.75, 2.25, 12], "texture": "#3"},
				"up": {"uv": [12.5, 10.75, 12, 10.5], "texture": "#3"},
				"down": {"uv": [11.5, 12, 11, 12.25], "texture": "#3"}
			}
		},
		{
			"from": [-2, -2.5, 0],
			"to": [0, 2.5, 1.25],
			"rotation": {"angle": -45, "axis": "x", "origin": [0, 0, 0]},
			"faces": {
				"north": {"uv": [2, 7, 2.5, 8.25], "texture": "#3"},
				"east": {"uv": [2.25, 10.75, 2.5, 12], "texture": "#3"},
				"south": {"uv": [2.5, 7, 3, 8.25], "texture": "#3"},
				"west": {"uv": [2.5, 10.75, 2.75, 12], "texture": "#3"},
				"up": {"uv": [12, 12.25, 11.5, 12], "texture": "#3"},
				"down": {"uv": [12.5, 12, 12, 12.25], "texture": "#3"}
			}
		},
		{
			"from": [-2, -1.75, 0],
			"to": [0, 3.25, 1.25],
			"rotation": {"angle": 22.5, "axis": "x", "origin": [0, 0, 0]},
			"faces": {
				"north": {"uv": [3, 7, 3.5, 8.25], "texture": "#3"},
				"east": {"uv": [2.75, 10.75, 3, 12], "texture": "#3"},
				"south": {"uv": [7, 3, 7.5, 4.25], "texture": "#3"},
				"west": {"uv": [10.75, 2.75, 11, 4], "texture": "#3"},
				"up": {"uv": [12.75, 0.25, 12.25, 0], "texture": "#3"},
				"down": {"uv": [12.75, 0.25, 12.25, 0.5], "texture": "#3"}
			}
		},
		{
			"from": [-2, -1.75, 0],
			"to": [0, 3.25, 1.25],
			"rotation": {"angle": 45, "axis": "x", "origin": [0, 0, 0]},
			"faces": {
				"north": {"uv": [3.5, 7, 4, 8.25], "texture": "#3"},
				"east": {"uv": [3, 10.75, 3.25, 12], "texture": "#3"},
				"south": {"uv": [4, 7, 4.5, 8.25], "texture": "#3"},
				"west": {"uv": [3.25, 10.75, 3.5, 12], "texture": "#3"},
				"up": {"uv": [12.75, 0.75, 12.25, 0.5], "texture": "#3"},
				"down": {"uv": [12.75, 0.75, 12.25, 1], "texture": "#3"}
			}
		},
		{
			"from": [-2, 0, -2],
			"to": [0, 1.25, 3],
			"faces": {
				"north": {"uv": [12.25, 1, 12.75, 1.25], "texture": "#3"},
				"east": {"uv": [3.5, 10.75, 4.75, 11], "texture": "#3"},
				"south": {"uv": [12.25, 1.25, 12.75, 1.5], "texture": "#3"},
				"west": {"uv": [10.75, 4, 12, 4.25], "texture": "#3"},
				"up": {"uv": [7.5, 5.5, 7, 4.25], "texture": "#3"},
				"down": {"uv": [5, 7, 4.5, 8.25], "texture": "#3"}
			}
		},
		{
			"from": [-2, 0, -1.75],
			"to": [0, 1.25, 3.25],
			"rotation": {"angle": -22.5, "axis": "x", "origin": [0, 0, 0]},
			"faces": {
				"north": {"uv": [1.5, 12.25, 2, 12.5], "texture": "#3"},
				"east": {"uv": [10.75, 4.25, 12, 4.5], "texture": "#3"},
				"south": {"uv": [12.25, 1.5, 12.75, 1.75], "texture": "#3"},
				"west": {"uv": [10.75, 4.5, 12, 4.75], "texture": "#3"},
				"up": {"uv": [5.5, 8.25, 5, 7], "texture": "#3"},
				"down": {"uv": [6, 7, 5.5, 8.25], "texture": "#3"}
			}
		},
		{
			"from": [-2, -0.25, -1.75],
			"to": [0, 1, 3.25],
			"rotation": {"angle": -45, "axis": "x", "origin": [0, 0, 0]},
			"faces": {
				"north": {"uv": [12.25, 1.75, 12.75, 2], "texture": "#3"},
				"east": {"uv": [4.75, 10.75, 6, 11], "texture": "#3"},
				"south": {"uv": [2, 12.25, 2.5, 12.5], "texture": "#3"},
				"west": {"uv": [10.75, 4.75, 12, 5], "texture": "#3"},
				"up": {"uv": [7.5, 6.75, 7, 5.5], "texture": "#3"},
				"down": {"uv": [6.5, 7, 6, 8.25], "texture": "#3"}
			}
		},
		{
			"from": [-2, 0, -2.25],
			"to": [0, 1.25, 2.75],
			"rotation": {"angle": 22.5, "axis": "x", "origin": [0, 0, 0]},
			"faces": {
				"north": {"uv": [2.5, 12.25, 3, 12.5], "texture": "#3"},
				"east": {"uv": [10.75, 5, 12, 5.25], "texture": "#3"},
				"south": {"uv": [3, 12.25, 3.5, 12.5], "texture": "#3"},
				"west": {"uv": [10.75, 5.25, 12, 5.5], "texture": "#3"},
				"up": {"uv": [7.5, 8, 7, 6.75], "texture": "#3"},
				"down": {"uv": [8, 3, 7.5, 4.25], "texture": "#3"}
			}
		},
		{
			"from": [13, -6, 4.75],
			"to": [15, -1, 6.75],
			"rotation": {"angle": -45, "axis": "x", "origin": [13, -1, 0]},
			"faces": {
				"north": {"uv": [7.5, 4.25, 8, 5.5], "texture": "#3"},
				"east": {"uv": [7.5, 5.5, 8, 6.75], "texture": "#3"},
				"south": {"uv": [7.5, 6.75, 8, 8], "texture": "#3"},
				"west": {"uv": [8, 3, 8.5, 4.25], "texture": "#3"},
				"up": {"uv": [12, 10.25, 11.5, 9.75], "texture": "#3"},
				"down": {"uv": [12, 10.25, 11.5, 10.75], "texture": "#3"}
			}
		},
		{
			"from": [13, -1, 5],
			"to": [15, 2, 7],
			"rotation": {"angle": 0, "axis": "y", "origin": [13, -1, 0]},
			"faces": {
				"north": {"uv": [7.5, 10.5, 8, 11.25], "texture": "#3"},
				"east": {"uv": [10.5, 7.5, 11, 8.25], "texture": "#3"},
				"south": {"uv": [8, 10.5, 8.5, 11.25], "texture": "#3"},
				"west": {"uv": [10.5, 8.25, 11, 9], "texture": "#3"},
				"up": {"uv": [11.75, 12, 11.25, 11.5], "texture": "#3"},
				"down": {"uv": [7.5, 11.75, 7, 12.25], "texture": "#3"}
			}
		},
		{
			"from": [15, 0, -1],
			"to": [16, 1, 7],
			"rotation": {"angle": 0, "axis": "y", "origin": [13, 0, 0]},
			"faces": {
				"north": {"uv": [8.75, 12.25, 9, 12.5], "texture": "#3"},
				"east": {"uv": [10.25, 0, 12.25, 0.25], "texture": "#3"},
				"south": {"uv": [10.25, 12.5, 10.5, 12.75], "texture": "#3"},
				"west": {"uv": [10.25, 0.25, 12.25, 0.5], "texture": "#3"},
				"up": {"uv": [9.75, 12, 9.5, 10], "texture": "#3"},
				"down": {"uv": [10, 10, 9.75, 12], "texture": "#3"}
			}
		},
		{
			"from": [15, 0, -4],
			"to": [16, 1, 0],
			"rotation": {"angle": 45, "axis": "x", "origin": [13, 0, 0]},
			"faces": {
				"north": {"uv": [12.5, 10.25, 12.75, 10.5], "texture": "#3"},
				"east": {"uv": [11.5, 8.75, 12.5, 9], "texture": "#3"},
				"south": {"uv": [10.5, 12.5, 10.75, 12.75], "texture": "#3"},
				"west": {"uv": [11.5, 10.75, 12.5, 11], "texture": "#3"},
				"up": {"uv": [7.75, 12.75, 7.5, 11.75], "texture": "#3"},
				"down": {"uv": [8, 11.75, 7.75, 12.75], "texture": "#3"}
			}
		},
		{
			"from": [13, -2, 0],
			"to": [15, 3, 1.25],
			"rotation": {"angle": 0, "axis": "y", "origin": [13, 0, 0]},
			"faces": {
				"north": {"uv": [8, 4.25, 8.5, 5.5], "texture": "#3"},
				"east": {"uv": [6, 10.75, 6.25, 12], "texture": "#3"},
				"south": {"uv": [8, 5.5, 8.5, 6.75], "texture": "#3"},
				"west": {"uv": [6.25, 10.75, 6.5, 12], "texture": "#3"},
				"up": {"uv": [12.75, 3.5, 12.25, 3.25], "texture": "#3"},
				"down": {"uv": [4, 12.25, 3.5, 12.5], "texture": "#3"}
			}
		},
		{
			"from": [13, 0, -2],
			"to": [15, 1.25, 3],
			"rotation": {"angle": 0, "axis": "y", "origin": [13, 0, 0]},
			"faces": {
				"north": {"uv": [12.25, 3.5, 12.75, 3.75], "texture": "#3"},
				"east": {"uv": [11, 1.5, 12.25, 1.75], "texture": "#3"},
				"south": {"uv": [12.25, 3.75, 12.75, 4], "texture": "#3"},
				"west": {"uv": [11, 1.75, 12.25, 2], "texture": "#3"},
				"up": {"uv": [7, 9.25, 6.5, 8], "texture": "#3"},
				"down": {"uv": [8.5, 6.75, 8, 8], "texture": "#3"}
			}
		},
		{
			"from": [13, -1.75, 0],
			"to": [15, 3.25, 1.25],
			"rotation": {"angle": 22.5, "axis": "x", "origin": [13, 0, 0]},
			"faces": {
				"north": {"uv": [7, 8, 7.5, 9.25], "texture": "#3"},
				"east": {"uv": [10, 10.75, 10.25, 12], "texture": "#3"},
				"south": {"uv": [7.5, 8, 8, 9.25], "texture": "#3"},
				"west": {"uv": [10.25, 10.75, 10.5, 12], "texture": "#3"},
				"up": {"uv": [4.5, 12.5, 4, 12.25], "texture": "#3"},
				"down": {"uv": [12.75, 4, 12.25, 4.25], "texture": "#3"}
			}
		},
		{
			"from": [13, -1.75, 0],
			"to": [15, 3.25, 1.25],
			"rotation": {"angle": 45, "axis": "x", "origin": [13, 0, 0]},
			"faces": {
				"north": {"uv": [8, 8, 8.5, 9.25], "texture": "#3"},
				"east": {"uv": [11, 2, 11.25, 3.25], "texture": "#3"},
				"south": {"uv": [0, 8.25, 0.5, 9.5], "texture": "#3"},
				"west": {"uv": [3.5, 11, 3.75, 12.25], "texture": "#3"},
				"up": {"uv": [12.75, 4.5, 12.25, 4.25], "texture": "#3"},
				"down": {"uv": [12.75, 4.5, 12.25, 4.75], "texture": "#3"}
			}
		},
		{
			"from": [13, 0, -2.25],
			"to": [15, 1.25, 2.75],
			"rotation": {"angle": 22.5, "axis": "x", "origin": [13, 0, 0]},
			"faces": {
				"north": {"uv": [12.25, 4.75, 12.75, 5], "texture": "#3"},
				"east": {"uv": [11, 3.25, 12.25, 3.5], "texture": "#3"},
				"south": {"uv": [12.25, 5.5, 12.75, 5.75], "texture": "#3"},
				"west": {"uv": [11, 3.5, 12.25, 3.75], "texture": "#3"},
				"up": {"uv": [1, 9.5, 0.5, 8.25], "texture": "#3"},
				"down": {"uv": [1.5, 8.25, 1, 9.5], "texture": "#3"}
			}
		},
		{
			"from": [13, -2.25, 0],
			"to": [15, 2.75, 1.25],
			"rotation": {"angle": -22.5, "axis": "x", "origin": [13, 0, 0]},
			"faces": {
				"north": {"uv": [1.5, 8.25, 2, 9.5], "texture": "#3"},
				"east": {"uv": [3.75, 11, 4, 12.25], "texture": "#3"},
				"south": {"uv": [2, 8.25, 2.5, 9.5], "texture": "#3"},
				"west": {"uv": [4, 11, 4.25, 12.25], "texture": "#3"},
				"up": {"uv": [12.75, 6, 12.25, 5.75], "texture": "#3"},
				"down": {"uv": [12.75, 6, 12.25, 6.25], "texture": "#3"}
			}
		},
		{
			"from": [13, -2.5, 0],
			"to": [15, 2.5, 1.25],
			"rotation": {"angle": -45, "axis": "x", "origin": [13, 0, 0]},
			"faces": {
				"north": {"uv": [2.5, 8.25, 3, 9.5], "texture": "#3"},
				"east": {"uv": [4.25, 11, 4.5, 12.25], "texture": "#3"},
				"south": {"uv": [3, 8.25, 3.5, 9.5], "texture": "#3"},
				"west": {"uv": [4.5, 11, 4.75, 12.25], "texture": "#3"},
				"up": {"uv": [7.5, 12.5, 7, 12.25], "texture": "#3"},
				"down": {"uv": [12.75, 7.75, 12.25, 8], "texture": "#3"}
			}
		},
		{
			"from": [13, 0, -1.75],
			"to": [15, 1.25, 3.25],
			"rotation": {"angle": -22.5, "axis": "x", "origin": [13, 0, 0]},
			"faces": {
				"north": {"uv": [12.25, 8, 12.75, 8.25], "texture": "#3"},
				"east": {"uv": [11, 3.75, 12.25, 4], "texture": "#3"},
				"south": {"uv": [12.25, 8.25, 12.75, 8.5], "texture": "#3"},
				"west": {"uv": [4.75, 11, 6, 11.25], "texture": "#3"},
				"up": {"uv": [4, 9.5, 3.5, 8.25], "texture": "#3"},
				"down": {"uv": [4.5, 8.25, 4, 9.5], "texture": "#3"}
			}
		},
		{
			"from": [13, -0.25, -1.75],
			"to": [15, 1, 3.25],
			"rotation": {"angle": -45, "axis": "x", "origin": [13, 0, 0]},
			"faces": {
				"north": {"uv": [12.25, 8.5, 12.75, 8.75], "texture": "#3"},
				"east": {"uv": [11, 5.5, 12.25, 5.75], "texture": "#3"},
				"south": {"uv": [12.25, 9.25, 12.75, 9.5], "texture": "#3"},
				"west": {"uv": [11, 5.75, 12.25, 6], "texture": "#3"},
				"up": {"uv": [5, 9.5, 4.5, 8.25], "texture": "#3"},
				"down": {"uv": [5.5, 8.25, 5, 9.5], "texture": "#3"}
			}
		},
		{
			"from": [13, -6, 7.25],
			"to": [15, -1, 9.25],
			"rotation": {"angle": 45, "axis": "x", "origin": [13, -1, 14]},
			"faces": {
				"north": {"uv": [5.5, 8.25, 6, 9.5], "texture": "#3"},
				"east": {"uv": [6, 8.25, 6.5, 9.5], "texture": "#3"},
				"south": {"uv": [8.5, 3, 9, 4.25], "texture": "#3"},
				"west": {"uv": [8.5, 4.25, 9, 5.5], "texture": "#3"},
				"up": {"uv": [12.25, 8.25, 11.75, 7.75], "texture": "#3"},
				"down": {"uv": [12.25, 8.25, 11.75, 8.75], "texture": "#3"}
			}
		},
		{
			"from": [13, -1, 7],
			"to": [15, 2, 9],
			"rotation": {"angle": 0, "axis": "y", "origin": [13, -1, 14]},
			"faces": {
				"north": {"uv": [8.5, 10.5, 9, 11.25], "texture": "#3"},
				"east": {"uv": [9, 10.5, 9.5, 11.25], "texture": "#3"},
				"south": {"uv": [10.5, 9, 11, 9.75], "texture": "#3"},
				"west": {"uv": [10.5, 9.75, 11, 10.5], "texture": "#3"},
				"up": {"uv": [12.25, 12, 11.75, 11.5], "texture": "#3"},
				"down": {"uv": [1.5, 12, 1, 12.5], "texture": "#3"}
			}
		},
		{
			"from": [15, 0, 7],
			"to": [16, 1, 15],
			"rotation": {"angle": 0, "axis": "y", "origin": [13, 0, 14]},
			"faces": {
				"north": {"uv": [12.5, 10.5, 12.75, 10.75], "texture": "#3"},
				"east": {"uv": [10.25, 0.5, 12.25, 0.75], "texture": "#3"},
				"south": {"uv": [10.75, 12.5, 11, 12.75], "texture": "#3"},
				"west": {"uv": [10.25, 0.75, 12.25, 1], "texture": "#3"},
				"up": {"uv": [10.5, 8.75, 10.25, 6.75], "texture": "#3"},
				"down": {"uv": [10.5, 8.75, 10.25, 10.75], "texture": "#3"}
			}
		},
		{
			"from": [15, 0, 14],
			"to": [16, 1, 18],
			"rotation": {"angle": -45, "axis": "x", "origin": [13, 0, 14]},
			"faces": {
				"north": {"uv": [12.5, 10.75, 12.75, 11], "texture": "#3"},
				"east": {"uv": [1.5, 12, 2.5, 12.25], "texture": "#3"},
				"south": {"uv": [11, 12.5, 11.25, 12.75], "texture": "#3"},
				"west": {"uv": [2.5, 12, 3.5, 12.25], "texture": "#3"},
				"up": {"uv": [12.25, 5, 12, 4], "texture": "#3"},
				"down": {"uv": [6.25, 12, 6, 13], "texture": "#3"}
			}
		},
		{
			"from": [13, -2, 12.75],
			"to": [15, 3, 14],
			"rotation": {"angle": 0, "axis": "y", "origin": [13, 0, 14]},
			"faces": {
				"north": {"uv": [8.5, 5.5, 9, 6.75], "texture": "#3"},
				"east": {"uv": [11, 6.75, 11.25, 8], "texture": "#3"},
				"south": {"uv": [8.5, 6.75, 9, 8], "texture": "#3"},
				"west": {"uv": [11, 8, 11.25, 9.25], "texture": "#3"},
				"up": {"uv": [10, 12.5, 9.5, 12.25], "texture": "#3"},
				"down": {"uv": [10.5, 12.25, 10, 12.5], "texture": "#3"}
			}
		},
		{
			"from": [13, 0, 11],
			"to": [15, 1.25, 16],
			"rotation": {"angle": 0, "axis": "y", "origin": [13, 0, 14]},
			"faces": {
				"north": {"uv": [11, 12.25, 11.5, 12.5], "texture": "#3"},
				"east": {"uv": [11, 6, 12.25, 6.25], "texture": "#3"},
				"south": {"uv": [11.5, 12.25, 12, 12.5], "texture": "#3"},
				"west": {"uv": [11, 9.25, 12.25, 9.5], "texture": "#3"},
				"up": {"uv": [9, 9.25, 8.5, 8], "texture": "#3"},
				"down": {"uv": [9.5, 3, 9, 4.25], "texture": "#3"}
			}
		},
		{
			"from": [13, -1.75, 12.75],
			"to": [15, 3.25, 14],
			"rotation": {"angle": -22.5, "axis": "x", "origin": [13, 0, 14]},
			"faces": {
				"north": {"uv": [9, 4.25, 9.5, 5.5], "texture": "#3"},
				"east": {"uv": [11, 9.5, 11.25, 10.75], "texture": "#3"},
				"south": {"uv": [9, 5.5, 9.5, 6.75], "texture": "#3"},
				"west": {"uv": [11, 10.75, 11.25, 12], "texture": "#3"},
				"up": {"uv": [12.75, 11.75, 12.25, 11.5], "texture": "#3"},
				"down": {"uv": [12.75, 11.75, 12.25, 12], "texture": "#3"}
			}
		},
		{
			"from": [13, -1.75, 12.75],
			"to": [15, 3.25, 14],
			"rotation": {"angle": -45, "axis": "x", "origin": [13, 0, 14]},
			"faces": {
				"north": {"uv": [9, 6.75, 9.5, 8], "texture": "#3"},
				"east": {"uv": [11.25, 2, 11.5, 3.25], "texture": "#3"},
				"south": {"uv": [9, 8, 9.5, 9.25], "texture": "#3"},
				"west": {"uv": [4.75, 11.25, 5, 12.5], "texture": "#3"},
				"up": {"uv": [12.5, 12.5, 12, 12.25], "texture": "#3"},
				"down": {"uv": [1.5, 12.5, 1, 12.75], "texture": "#3"}
			}
		},
		{
			"from": [13, 0, 11.25],
			"to": [15, 1.25, 16.25],
			"rotation": {"angle": -22.5, "axis": "x", "origin": [13, 0, 14]},
			"faces": {
				"north": {"uv": [1.5, 12.5, 2, 12.75], "texture": "#3"},
				"east": {"uv": [6.5, 11.25, 7.75, 11.5], "texture": "#3"},
				"south": {"uv": [2, 12.5, 2.5, 12.75], "texture": "#3"},
				"west": {"uv": [11.25, 6.75, 12.5, 7], "texture": "#3"},
				"up": {"uv": [9.75, 1.25, 9.25, 0], "texture": "#3"},
				"down": {"uv": [9.75, 1.25, 9.25, 2.5], "texture": "#3"}
			}
		},
		{
			"from": [13, -2.25, 12.75],
			"to": [15, 2.75, 14],
			"rotation": {"angle": 22.5, "axis": "x", "origin": [13, 0, 14]},
			"faces": {
				"north": {"uv": [6.5, 9.25, 7, 10.5], "texture": "#3"},
				"east": {"uv": [5, 11.25, 5.25, 12.5], "texture": "#3"},
				"south": {"uv": [7, 9.25, 7.5, 10.5], "texture": "#3"},
				"west": {"uv": [5.25, 11.25, 5.5, 12.5], "texture": "#3"},
				"up": {"uv": [3, 12.75, 2.5, 12.5], "texture": "#3"},
				"down": {"uv": [3.5, 12.5, 3, 12.75], "texture": "#3"}
			}
		},
		{
			"from": [13, -2.5, 12.75],
			"to": [15, 2.5, 14],
			"rotation": {"angle": 45, "axis": "x", "origin": [13, 0, 14]},
			"faces": {
				"north": {"uv": [7.5, 9.25, 8, 10.5], "texture": "#3"},
				"east": {"uv": [5.5, 11.25, 5.75, 12.5], "texture": "#3"},
				"south": {"uv": [8, 9.25, 8.5, 10.5], "texture": "#3"},
				"west": {"uv": [5.75, 11.25, 6, 12.5], "texture": "#3"},
				"up": {"uv": [13, 3.25, 12.5, 3], "texture": "#3"},
				"down": {"uv": [4, 12.5, 3.5, 12.75], "texture": "#3"}
			}
		},
		{
			"from": [13, 0, 10.75],
			"to": [15, 1.25, 15.75],
			"rotation": {"angle": 22.5, "axis": "x", "origin": [13, 0, 14]},
			"faces": {
				"north": {"uv": [4, 12.5, 4.5, 12.75], "texture": "#3"},
				"east": {"uv": [11.25, 7, 12.5, 7.25], "texture": "#3"},
				"south": {"uv": [4.5, 12.5, 5, 12.75], "texture": "#3"},
				"west": {"uv": [11.25, 7.25, 12.5, 7.5], "texture": "#3"},
				"up": {"uv": [9, 10.5, 8.5, 9.25], "texture": "#3"},
				"down": {"uv": [9.5, 9.25, 9, 10.5], "texture": "#3"}
			}
		},
		{
			"from": [13, -0.25, 10.75],
			"to": [15, 1, 15.75],
			"rotation": {"angle": 45, "axis": "x", "origin": [13, 0, 14]},
			"faces": {
				"north": {"uv": [5, 12.5, 5.5, 12.75], "texture": "#3"},
				"east": {"uv": [11.25, 7.5, 12.5, 7.75], "texture": "#3"},
				"south": {"uv": [12.5, 5, 13, 5.25], "texture": "#3"},
				"west": {"uv": [7.75, 11.25, 9, 11.5], "texture": "#3"},
				"up": {"uv": [0.5, 10.75, 0, 9.5], "texture": "#3"},
				"down": {"uv": [1, 9.5, 0.5, 10.75], "texture": "#3"}
			}
		},
		{
			"from": [0, 0.5, 6],
			"to": [13, 3.5, 17],
			"rotation": {"angle": 0, "axis": "y", "origin": [0, 0, 14]},
			"faces": {
				"north": {"uv": [0, 6.25, 3.25, 7], "texture": "#3"},
				"east": {"uv": [6.5, 1.5, 9.25, 2.25], "texture": "#3"},
				"south": {"uv": [3.25, 6.25, 6.5, 7], "texture": "#3"},
				"west": {"uv": [6.5, 2.25, 9.25, 3], "texture": "#3"},
				"up": {"uv": [6.5, 2.75, 3.25, 0], "texture": "#3"},
				"down": {"uv": [6.5, 2.75, 3.25, 5.5], "texture": "#3"}
			}
		},
		{
			"from": [-2, -2, 12.75],
			"to": [0, 3, 14],
			"rotation": {"angle": 0, "axis": "y", "origin": [0, 0, 14]},
			"faces": {
				"north": {"uv": [1, 9.5, 1.5, 10.75], "texture": "#3"},
				"east": {"uv": [11.25, 7.75, 11.5, 9], "texture": "#3"},
				"south": {"uv": [1.5, 9.5, 2, 10.75], "texture": "#3"},
				"west": {"uv": [9, 11.25, 9.25, 12.5], "texture": "#3"},
				"up": {"uv": [13, 5.5, 12.5, 5.25], "texture": "#3"},
				"down": {"uv": [6, 12.5, 5.5, 12.75], "texture": "#3"}
			}
		},
		{
			"from": [-2, 0, 11],
			"to": [0, 1.25, 16],
			"rotation": {"angle": 0, "axis": "y", "origin": [0, 0, 14]},
			"faces": {
				"north": {"uv": [6.25, 12.5, 6.75, 12.75], "texture": "#3"},
				"east": {"uv": [11.25, 9, 12.5, 9.25], "texture": "#3"},
				"south": {"uv": [12.5, 6.25, 13, 6.5], "texture": "#3"},
				"west": {"uv": [11.25, 9.5, 12.5, 9.75], "texture": "#3"},
				"up": {"uv": [2.5, 10.75, 2, 9.5], "texture": "#3"},
				"down": {"uv": [3, 9.5, 2.5, 10.75], "texture": "#3"}
			}
		},
		{
			"from": [-2, -1.75, 12.75],
			"to": [0, 3.25, 14],
			"rotation": {"angle": -22.5, "axis": "x", "origin": [0, 0, 14]},
			"faces": {
				"north": {"uv": [9.5, 2.5, 10, 3.75], "texture": "#3"},
				"east": {"uv": [9.25, 11.25, 9.5, 12.5], "texture": "#3"},
				"south": {"uv": [3, 9.5, 3.5, 10.75], "texture": "#3"},
				"west": {"uv": [11.25, 9.75, 11.5, 11], "texture": "#3"},
				"up": {"uv": [13, 6.75, 12.5, 6.5], "texture": "#3"},
				"down": {"uv": [13, 6.75, 12.5, 7], "texture": "#3"}
			}
		},
		{
			"from": [-2, -1.75, 12.75],
			"to": [0, 3.25, 14],
			"rotation": {"angle": -45, "axis": "x", "origin": [0, 0, 14]},
			"faces": {
				"north": {"uv": [3.5, 9.5, 4, 10.75], "texture": "#3"},
				"east": {"uv": [10.5, 11.25, 10.75, 12.5], "texture": "#3"},
				"south": {"uv": [9.5, 3.75, 10, 5], "texture": "#3"},
				"west": {"uv": [10.75, 11.25, 11, 12.5], "texture": "#3"},
				"up": {"uv": [7.5, 12.75, 7, 12.5], "texture": "#3"},
				"down": {"uv": [13, 7, 12.5, 7.25], "texture": "#3"}
			}
		},
		{
			"from": [-2, 0, 11.25],
			"to": [0, 1.25, 16.25],
			"rotation": {"angle": -22.5, "axis": "x", "origin": [0, 0, 14]},
			"faces": {
				"north": {"uv": [12.5, 7.25, 13, 7.5], "texture": "#3"},
				"east": {"uv": [11.25, 11, 12.5, 11.25], "texture": "#3"},
				"south": {"uv": [12.5, 7.5, 13, 7.75], "texture": "#3"},
				"west": {"uv": [11.25, 11.25, 12.5, 11.5], "texture": "#3"},
				"up": {"uv": [4.5, 10.75, 4, 9.5], "texture": "#3"},
				"down": {"uv": [5, 9.5, 4.5, 10.75], "texture": "#3"}
			}
		},
		{
			"from": [-2, -2.25, 12.75],
			"to": [0, 2.75, 14],
			"rotation": {"angle": 22.5, "axis": "x", "origin": [0, 0, 14]},
			"faces": {
				"north": {"uv": [5, 9.5, 5.5, 10.75], "texture": "#3"},
				"east": {"uv": [0, 11.5, 0.25, 12.75], "texture": "#3"},
				"south": {"uv": [9.5, 5, 10, 6.25], "texture": "#3"},
				"west": {"uv": [0.25, 11.5, 0.5, 12.75], "texture": "#3"},
				"up": {"uv": [8.5, 12.75, 8, 12.5], "texture": "#3"},
				"down": {"uv": [9.25, 12.5, 8.75, 12.75], "texture": "#3"}
			}
		},
		{
			"from": [-2, -2.5, 12.75],
			"to": [0, 2.5, 14],
			"rotation": {"angle": 45, "axis": "x", "origin": [0, 0, 14]},
			"faces": {
				"north": {"uv": [5.5, 9.5, 6, 10.75], "texture": "#3"},
				"east": {"uv": [0.5, 11.5, 0.75, 12.75], "texture": "#3"},
				"south": {"uv": [6, 9.5, 6.5, 10.75], "texture": "#3"},
				"west": {"uv": [0.75, 11.5, 1, 12.75], "texture": "#3"},
				"up": {"uv": [13, 9, 12.5, 8.75], "texture": "#3"},
				"down": {"uv": [13, 9, 12.5, 9.25], "texture": "#3"}
			}
		},
		{
			"from": [-2, 0, 10.75],
			"to": [0, 1.25, 15.75],
			"rotation": {"angle": 22.5, "axis": "x", "origin": [0, 0, 14]},
			"faces": {
				"north": {"uv": [9.25, 12.5, 9.75, 12.75], "texture": "#3"},
				"east": {"uv": [11.5, 2, 12.75, 2.25], "texture": "#3"},
				"south": {"uv": [12.5, 9.5, 13, 9.75], "texture": "#3"},
				"west": {"uv": [11.5, 2.25, 12.75, 2.5], "texture": "#3"},
				"up": {"uv": [10, 7.5, 9.5, 6.25], "texture": "#3"},
				"down": {"uv": [10, 7.5, 9.5, 8.75], "texture": "#3"}
			}
		},
		{
			"from": [-2, -0.25, 10.75],
			"to": [0, 1, 15.75],
			"rotation": {"angle": 45, "axis": "x", "origin": [0, 0, 14]},
			"faces": {
				"north": {"uv": [9.75, 12.5, 10.25, 12.75], "texture": "#3"},
				"east": {"uv": [11.5, 2.5, 12.75, 2.75], "texture": "#3"},
				"south": {"uv": [12.5, 10, 13, 10.25], "texture": "#3"},
				"west": {"uv": [11.5, 2.75, 12.75, 3], "texture": "#3"},
				"up": {"uv": [10, 10, 9.5, 8.75], "texture": "#3"},
				"down": {"uv": [10.25, 0, 9.75, 1.25], "texture": "#3"}
			}
		},
		{
			"from": [-2, -1, 7],
			"to": [0, 2, 9],
			"rotation": {"angle": 0, "axis": "y", "origin": [0, -1, 14]},
			"faces": {
				"north": {"uv": [10.5, 10.5, 11, 11.25], "texture": "#3"},
				"east": {"uv": [0, 10.75, 0.5, 11.5], "texture": "#3"},
				"south": {"uv": [0.5, 10.75, 1, 11.5], "texture": "#3"},
				"west": {"uv": [1, 10.75, 1.5, 11.5], "texture": "#3"},
				"up": {"uv": [12.5, 5.5, 12, 5], "texture": "#3"},
				"down": {"uv": [6.75, 12, 6.25, 12.5], "texture": "#3"}
			}
		},
		{
			"from": [-2, -6, 7.25],
			"to": [0, -1, 9.25],
			"rotation": {"angle": 45, "axis": "x", "origin": [0, -1, 14]},
			"faces": {
				"north": {"uv": [9.75, 1.25, 10.25, 2.5], "texture": "#3"},
				"east": {"uv": [10, 2.5, 10.5, 3.75], "texture": "#3"},
				"south": {"uv": [10, 3.75, 10.5, 5], "texture": "#3"},
				"west": {"uv": [10, 5, 10.5, 6.25], "texture": "#3"},
				"up": {"uv": [12.5, 6.75, 12, 6.25], "texture": "#3"},
				"down": {"uv": [8.5, 12, 8, 12.5], "texture": "#3"}
			}
		},
		{
			"from": [-3, 0, 7],
			"to": [-2, 1, 15],
			"rotation": {"angle": 0, "axis": "y", "origin": [0, 0, 14]},
			"faces": {
				"north": {"uv": [12.5, 11, 12.75, 11.25], "texture": "#3"},
				"east": {"uv": [10.25, 1, 12.25, 1.25], "texture": "#3"},
				"south": {"uv": [11.25, 12.5, 11.5, 12.75], "texture": "#3"},
				"west": {"uv": [10.25, 1.25, 12.25, 1.5], "texture": "#3"},
				"up": {"uv": [10.75, 3.5, 10.5, 1.5], "texture": "#3"},
				"down": {"uv": [10.75, 3.5, 10.5, 5.5], "texture": "#3"}
			}
		},
		{
			"from": [-3, 0, 14],
			"to": [-2, 1, 18],
			"rotation": {"angle": -45, "axis": "x", "origin": [0, 0, 14]},
			"faces": {
				"north": {"uv": [12.5, 11.25, 12.75, 11.5], "texture": "#3"},
				"east": {"uv": [9.5, 12, 10.5, 12.25], "texture": "#3"},
				"south": {"uv": [11.5, 12.5, 11.75, 12.75], "texture": "#3"},
				"west": {"uv": [12, 9.75, 13, 10], "texture": "#3"},
				"up": {"uv": [7, 13, 6.75, 12], "texture": "#3"},
				"down": {"uv": [8.75, 12, 8.5, 13], "texture": "#3"}
			}
		}
	],
	"display": {
		"head": {
			"translation": [5.5, -6, 5],
			"scale": [3.5, 3.5, 3.5]
		}
	}
}