{
	"credit": "Created with Blockbench [Exported as resourcepack with the \"resourcepack_packager\" plugin]",
	"texture_size": [32, 32],
	"textures": {
		"1": "item/iron_hoe/iron_hoe",
		"particle": "item/iron_hoe/iron_hoe"
	},
	"elements": [
		{
			"name": "door1",
			"from": [18.4, 4, 4],
			"to": [19.6, 22, 4.2],
			"faces": {
				"north": {"uv": [8.75, 13.75, 9.1, 16], "texture": "#1"},
				"east": {"uv": [10.5, 16, 13.25, 13.75], "texture": "#1"},
				"south": {"uv": [8, 13.75, 8.6, 16], "texture": "#1"},
				"west": {"uv": [9.75, 14.25, 10, 16], "texture": "#1"},
				"up": {"uv": [0, 0, 8, 0.5], "rotation": 90, "texture": "#1"},
				"down": {"uv": [9.5, 12.75, 15.75, 13.5], "rotation": 90, "texture": "#1"}
			}
		},
		{
			"name": "door2",
			"from": [18.5, 4, -1],
			"to": [19.5, 12, 4],
			"faces": {
				"north": {"uv": [6, 0, 6.5, 4], "texture": "#1"},
				"east": {"uv": [0, 0, 2.5, 4], "texture": "#1"},
				"south": {"uv": [6, 4, 6.5, 8], "texture": "#1"},
				"west": {"uv": [2.5, 0, 5, 4], "texture": "#1"},
				"up": {"uv": [7.5, 4.5, 7, 2], "texture": "#1"},
				"down": {"uv": [7.5, 4.5, 7, 7], "texture": "#1"}
			}
		},
		{
			"name": "doorglas1",
			"from": [18.5, 12, 0],
			"to": [19.5, 20, 3.5],
			"faces": {
				"north": {"uv": [6.5, 0, 7, 4], "texture": "#1"},
				"east": {"uv": [0, 4, 1.75, 8], "texture": "#1"},
				"south": {"uv": [6.5, 4, 7, 8], "texture": "#1"},
				"west": {"uv": [2, 4, 3.75, 8], "texture": "#1"},
				"up": {"uv": [8, 8.75, 7.5, 7], "texture": "#1"},
				"down": {"uv": [0.5, 8, 0, 9.75], "texture": "#1"}
			}
		},
		{
			"name": "door1",
			"from": [18.5, 12, -1],
			"to": [19.5, 22, 0],
			"faces": {
				"north": {"uv": [4, 4, 4.5, 9], "texture": "#1"},
				"east": {"uv": [4.5, 4, 5, 9], "texture": "#1"},
				"south": {"uv": [5, 0, 5.5, 5], "texture": "#1"},
				"west": {"uv": [5, 5, 5.5, 10], "texture": "#1"},
				"up": {"uv": [8.5, 2.5, 8, 2], "texture": "#1"},
				"down": {"uv": [3, 8, 2.5, 8.5], "texture": "#1"}
			}
		},
		{
			"name": "door1",
			"from": [18.5, 20, 0],
			"to": [19.5, 22, 3.5],
			"faces": {
				"north": {"uv": [1.5, 8, 2, 9], "texture": "#1"},
				"east": {"uv": [7, 0, 8.75, 1], "texture": "#1"},
				"south": {"uv": [2, 8, 2.5, 9], "texture": "#1"},
				"west": {"uv": [7, 1, 8.75, 2], "texture": "#1"},
				"up": {"uv": [1, 9.75, 0.5, 8], "texture": "#1"},
				"down": {"uv": [1.5, 8, 1, 9.75], "texture": "#1"}
			}
		},
		{
			"name": "door1",
			"from": [18.5, 12, 3.5],
			"to": [19.5, 22, 4],
			"faces": {
				"north": {"uv": [5.5, 0, 6, 5], "texture": "#1"},
				"east": {"uv": [7, 7, 7.25, 12], "texture": "#1"},
				"south": {"uv": [5.5, 5, 6, 10], "texture": "#1"},
				"west": {"uv": [7.5, 2, 7.75, 7], "texture": "#1"},
				"up": {"uv": [8.5, 2.75, 8, 2.5], "texture": "#1"},
				"down": {"uv": [3.5, 8, 3, 8.25], "texture": "#1"}
			}
		},
		{
			"name": "door5",
			"from": [18.4, 5, 3.2],
			"to": [18.65, 5.5, 3.95],
			"faces": {
				"north": {"uv": [8, 4.5, 8.25, 4.75], "texture": "#1"},
				"east": {"uv": [8, 3, 8.5, 3.25], "texture": "#1"},
				"south": {"uv": [8, 5, 8.25, 5.25], "texture": "#1"},
				"west": {"uv": [3.5, 8, 4, 8.25], "texture": "#1"},
				"up": {"uv": [8.25, 4, 8, 3.5], "texture": "#1"},
				"down": {"uv": [8.25, 4, 8, 4.5], "texture": "#1"}
			}
		}
	],
	"display": {
		"head": {
			"translation": [0, -8, 0],
			"scale": [4, 4, 4]
		}
	},
	"groups": [
		{
			"name": "door1",
			"origin": [0, 0, 0],
			"color": 0,
			"children": [0, 1, 2, 3, 4, 5, 6]
		}
	]
}