{
	"credit": "Created with Blockbench [Exported as resourcepack with the \"resourcepack_packager\" plugin]",
	"texture_size": [128, 128],
	"textures": {
		"16": "item/leather_chestplate/leather_chestplate"
	},
	"elements": [
		{
			"name": "Cube1",
			"from": [0.5, 5, 9.75],
			"to": [1, 10, 15.75],
			"rotation": {"angle": 0, "axis": "y", "origin": [0, 0, -7]},
			"faces": {
				"north": {"uv": [8.5, 1.125, 8.625, 1.75], "texture": "#16"},
				"east": {"uv": [2.375, 5.75, 3.125, 6.375], "texture": "#16"},
				"south": {"uv": [2.875, 8.5, 3, 9.125], "texture": "#16"},
				"west": {"uv": [6.125, 3.25, 6.875, 3.875], "texture": "#16"},
				"up": {"uv": [8.25, 0.75, 8.125, 0], "texture": "#16"},
				"down": {"uv": [8.25, 5.25, 8.125, 6], "texture": "#16"}
			}
		},
		{
			"name": "Cube1",
			"from": [0.5, 2, 15.4],
			"to": [1, 10, 18.5],
			"rotation": {"angle": 0, "axis": "y", "origin": [0, 0, -7]},
			"faces": {
				"north": {"uv": [2.875, 7.5, 3, 8.5], "texture": "#16"},
				"east": {"uv": [2.875, 6.5, 3.25, 7.5], "texture": "#16"},
				"south": {"uv": [3, 7.5, 3.125, 8.5], "texture": "#16"},
				"west": {"uv": [3.25, 6.5, 3.625, 7.5], "texture": "#16"},
				"up": {"uv": [8.625, 7.75, 8.5, 7.375], "texture": "#16"},
				"down": {"uv": [8.625, 7.75, 8.5, 8.125], "texture": "#16"}
			}
		},
		{
			"name": "Cube2",
			"from": [0.5, 2, 1.9],
			"to": [1, 10, 9.9],
			"rotation": {"angle": 0, "axis": "y", "origin": [0, 0, -7]},
			"faces": {
				"north": {"uv": [3.125, 7.5, 3.25, 8.5], "texture": "#16"},
				"east": {"uv": [5.125, 3.25, 6.125, 4.25], "texture": "#16"},
				"south": {"uv": [3.25, 7.5, 3.375, 8.5], "texture": "#16"},
				"west": {"uv": [5.125, 4.25, 6.125, 5.25], "texture": "#16"},
				"up": {"uv": [3.5, 8.5, 3.375, 7.5], "texture": "#16"},
				"down": {"uv": [3.625, 7.5, 3.5, 8.5], "texture": "#16"}
			}
		},
		{
			"name": "Cube1",
			"from": [0.5, 10, 9],
			"to": [1, 18, 10],
			"rotation": {"angle": 0, "axis": "y", "origin": [0, 0, -7]},
			"faces": {
				"north": {"uv": [3.625, 7.5, 3.75, 8.5], "texture": "#16"},
				"east": {"uv": [3.75, 7.5, 3.875, 8.5], "texture": "#16"},
				"south": {"uv": [3.875, 7.5, 4, 8.5], "texture": "#16"},
				"west": {"uv": [4, 7.5, 4.125, 8.5], "texture": "#16"},
				"up": {"uv": [8.875, 1.5, 8.75, 1.375], "texture": "#16"},
				"down": {"uv": [2, 8.75, 1.875, 8.875], "texture": "#16"}
			}
		},
		{
			"name": "glas1",
			"from": [0.5, 10, 2],
			"to": [1, 18, 9],
			"rotation": {"angle": 0, "axis": "y", "origin": [0, 0, -7]},
			"faces": {
				"north": {"uv": [4.125, 7.5, 4.25, 8.5], "texture": "#16"},
				"east": {"uv": [3.125, 5.25, 4, 6.25], "texture": "#16"},
				"south": {"uv": [4.25, 7.5, 4.375, 8.5], "texture": "#16"},
				"west": {"uv": [4, 5.25, 4.875, 6.25], "texture": "#16"},
				"up": {"uv": [7.5, 8.625, 7.375, 7.75], "texture": "#16"},
				"down": {"uv": [7.875, 7.375, 7.75, 8.25], "texture": "#16"}
			}
		},
		{
			"name": "Cube2",
			"from": [0.5, 10, 17],
			"to": [1, 18, 18],
			"rotation": {"angle": 0, "axis": "y", "origin": [0, 0, -7]},
			"faces": {
				"north": {"uv": [2.375, 7.625, 2.5, 8.625], "texture": "#16"},
				"east": {"uv": [2.5, 7.625, 2.625, 8.625], "texture": "#16"},
				"south": {"uv": [2.625, 7.625, 2.75, 8.625], "texture": "#16"},
				"west": {"uv": [2.75, 7.625, 2.875, 8.625], "texture": "#16"},
				"up": {"uv": [2.125, 8.875, 2, 8.75], "texture": "#16"},
				"down": {"uv": [2.25, 8.75, 2.125, 8.875], "texture": "#16"}
			}
		},
		{
			"name": "glas2",
			"from": [0.5, 10, 10],
			"to": [1, 18, 17],
			"rotation": {"angle": 0, "axis": "y", "origin": [0, 0, -7]},
			"faces": {
				"north": {"uv": [5.5, 7.625, 5.625, 8.625], "texture": "#16"},
				"east": {"uv": [4.875, 5.25, 5.75, 6.25], "texture": "#16"},
				"south": {"uv": [5.625, 7.625, 5.75, 8.625], "texture": "#16"},
				"west": {"uv": [5.625, 0, 6.5, 1], "texture": "#16"},
				"up": {"uv": [7.625, 8.625, 7.5, 7.75], "texture": "#16"},
				"down": {"uv": [7.75, 7.75, 7.625, 8.625], "texture": "#16"}
			}
		},
		{
			"name": "glas3",
			"from": [16, 10, 10],
			"to": [16.5, 18, 17],
			"rotation": {"angle": 0, "axis": "y", "origin": [0, 0, -7]},
			"faces": {
				"north": {"uv": [5.75, 7.625, 5.875, 8.625], "texture": "#16"},
				"east": {"uv": [5.625, 1, 6.5, 2], "texture": "#16"},
				"south": {"uv": [5.875, 7.625, 6, 8.625], "texture": "#16"},
				"west": {"uv": [1.5, 5.75, 2.375, 6.75], "texture": "#16"},
				"up": {"uv": [0.125, 8.75, 0, 7.875], "texture": "#16"},
				"down": {"uv": [8, 0, 7.875, 0.875], "texture": "#16"}
			}
		},
		{
			"name": "Cube3",
			"from": [16, 10, 17],
			"to": [16.5, 18, 18],
			"rotation": {"angle": 0, "axis": "y", "origin": [0, 0, -7]},
			"faces": {
				"north": {"uv": [6.125, 7.625, 6.25, 8.625], "texture": "#16"},
				"east": {"uv": [6.25, 7.625, 6.375, 8.625], "texture": "#16"},
				"south": {"uv": [6.375, 7.625, 6.5, 8.625], "texture": "#16"},
				"west": {"uv": [7, 7.625, 7.125, 8.625], "texture": "#16"},
				"up": {"uv": [2.375, 8.875, 2.25, 8.75], "texture": "#16"},
				"down": {"uv": [8.875, 2.375, 8.75, 2.5], "texture": "#16"}
			}
		},
		{
			"name": "Cube1",
			"from": [0.4, 3, 1.75],
			"to": [0.9, 3.75, 10],
			"rotation": {"angle": 0, "axis": "y", "origin": [0, 0, -7]},
			"faces": {
				"north": {"uv": [3.25, 8.75, 3.375, 8.875], "texture": "#16"},
				"east": {"uv": [7.5, 1.125, 8.5, 1.25], "texture": "#16"},
				"south": {"uv": [3.375, 8.75, 3.5, 8.875], "texture": "#16"},
				"west": {"uv": [7.5, 1.25, 8.5, 1.375], "texture": "#16"},
				"up": {"uv": [7.25, 8.625, 7.125, 7.625], "texture": "#16"},
				"down": {"uv": [7.375, 7.625, 7.25, 8.625], "texture": "#16"}
			}
		},
		{
			"name": "Cube1",
			"from": [0.4, 3, 15.9],
			"to": [0.9, 3.75, 18.4],
			"rotation": {"angle": 0, "axis": "y", "origin": [0, 0, -7]},
			"faces": {
				"north": {"uv": [3.5, 8.75, 3.625, 8.875], "texture": "#16"},
				"east": {"uv": [5.5, 6.25, 5.75, 6.375], "texture": "#16"},
				"south": {"uv": [8.75, 4.25, 8.875, 4.375], "texture": "#16"},
				"west": {"uv": [2.875, 6.375, 3.125, 6.5], "texture": "#16"},
				"up": {"uv": [3.75, 5.25, 3.625, 5], "texture": "#16"},
				"down": {"uv": [7.75, 6.125, 7.625, 6.375], "texture": "#16"}
			}
		},
		{
			"name": "Cube1",
			"from": [0.5, 18, 2],
			"to": [1, 19, 19],
			"rotation": {"angle": 0, "axis": "y", "origin": [0, 0, -7]},
			"faces": {
				"north": {"uv": [4.375, 8.75, 4.5, 8.875], "texture": "#16"},
				"east": {"uv": [5.625, 2.375, 7.75, 2.5], "texture": "#16"},
				"south": {"uv": [4.5, 8.75, 4.625, 8.875], "texture": "#16"},
				"west": {"uv": [6.125, 5.125, 8.25, 5.25], "texture": "#16"},
				"up": {"uv": [4.875, 8.625, 4.75, 6.5], "texture": "#16"},
				"down": {"uv": [5, 6.5, 4.875, 8.625], "texture": "#16"}
			}
		},
		{
			"name": "Cube2",
			"from": [1.25, 18.25, 2],
			"to": [2, 18.5, 19],
			"rotation": {"angle": 0, "axis": "y", "origin": [0, 0, -7]},
			"faces": {
				"north": {"uv": [4.625, 8.75, 4.75, 8.875], "texture": "#16"},
				"east": {"uv": [6.5, 1.875, 8.625, 2], "texture": "#16"},
				"south": {"uv": [8.75, 4.625, 8.875, 4.75], "texture": "#16"},
				"west": {"uv": [6.75, 2.5, 8.875, 2.625], "texture": "#16"},
				"up": {"uv": [0.875, 8.875, 0.75, 6.75], "texture": "#16"},
				"down": {"uv": [1, 6.75, 0.875, 8.875], "texture": "#16"}
			}
		},
		{
			"name": "Cube3",
			"from": [15, 18.25, 2],
			"to": [15.75, 18.5, 19],
			"rotation": {"angle": 0, "axis": "y", "origin": [0, 0, -7]},
			"faces": {
				"north": {"uv": [8.75, 4.75, 8.875, 4.875], "texture": "#16"},
				"east": {"uv": [6.75, 2.625, 8.875, 2.75], "texture": "#16"},
				"south": {"uv": [8.75, 4.875, 8.875, 5], "texture": "#16"},
				"west": {"uv": [6.75, 2.75, 8.875, 2.875], "texture": "#16"},
				"up": {"uv": [1.125, 8.875, 1, 6.75], "texture": "#16"},
				"down": {"uv": [1.25, 6.75, 1.125, 8.875], "texture": "#16"}
			}
		},
		{
			"name": "Cube3",
			"from": [13.5, 3.6, 10],
			"to": [16, 4.85, 16],
			"rotation": {"angle": 0, "axis": "y", "origin": [0, 0, -7]},
			"faces": {
				"north": {"uv": [8.5, 8.125, 8.875, 8.25], "texture": "#16"},
				"east": {"uv": [7.875, 0.875, 8.625, 1], "texture": "#16"},
				"south": {"uv": [8.5, 8.25, 8.875, 8.375], "texture": "#16"},
				"west": {"uv": [7.875, 1, 8.625, 1.125], "texture": "#16"},
				"up": {"uv": [4.75, 7.25, 4.375, 6.5], "texture": "#16"},
				"down": {"uv": [7, 6.375, 6.625, 7.125], "texture": "#16"}
			}
		},
		{
			"name": "Cube4",
			"from": [0.6, 3.6, 10],
			"to": [3.1, 4.85, 16],
			"rotation": {"angle": 0, "axis": "y", "origin": [0, 0, -7]},
			"faces": {
				"north": {"uv": [8.5, 8.375, 8.875, 8.5], "texture": "#16"},
				"east": {"uv": [7.875, 6.125, 8.625, 6.25], "texture": "#16"},
				"south": {"uv": [8.5, 8.5, 8.875, 8.625], "texture": "#16"},
				"west": {"uv": [7.875, 6.25, 8.625, 6.375], "texture": "#16"},
				"up": {"uv": [0.375, 7.5, 0, 6.75], "texture": "#16"},
				"down": {"uv": [0.75, 6.75, 0.375, 7.5], "texture": "#16"}
			}
		},
		{
			"name": "Cube1",
			"from": [16, 2, 15.35],
			"to": [16.5, 10, 18.35],
			"rotation": {"angle": 0, "axis": "y", "origin": [0, 0, -7]},
			"faces": {
				"north": {"uv": [4.375, 7.75, 4.5, 8.75], "texture": "#16"},
				"east": {"uv": [3.625, 6.5, 4, 7.5], "texture": "#16"},
				"south": {"uv": [4.5, 7.75, 4.625, 8.75], "texture": "#16"},
				"west": {"uv": [4, 6.5, 4.375, 7.5], "texture": "#16"},
				"up": {"uv": [8.75, 0.375, 8.625, 0], "texture": "#16"},
				"down": {"uv": [8.75, 0.375, 8.625, 0.75], "texture": "#16"}
			}
		},
		{
			"name": "Cube2",
			"from": [16, 5, 9.85],
			"to": [16.5, 10, 15.35],
			"rotation": {"angle": 0, "axis": "y", "origin": [0, 0, -7]},
			"faces": {
				"north": {"uv": [3, 8.5, 3.125, 9.125], "texture": "#16"},
				"east": {"uv": [6.125, 3.875, 6.875, 4.5], "texture": "#16"},
				"south": {"uv": [3.125, 8.5, 3.25, 9.125], "texture": "#16"},
				"west": {"uv": [6.125, 4.5, 6.875, 5.125], "texture": "#16"},
				"up": {"uv": [8.25, 8.125, 8.125, 7.375], "texture": "#16"},
				"down": {"uv": [8.25, 8.125, 8.125, 8.875], "texture": "#16"}
			}
		},
		{
			"name": "Cube3",
			"from": [16, 2, 9.85],
			"to": [16.5, 5, 10.35],
			"rotation": {"angle": 0, "axis": "y", "origin": [0, 0, -7]},
			"faces": {
				"north": {"uv": [8.625, 0.75, 8.75, 1.125], "texture": "#16"},
				"east": {"uv": [8.625, 1.125, 8.75, 1.5], "texture": "#16"},
				"south": {"uv": [2.375, 8.625, 2.5, 9], "texture": "#16"},
				"west": {"uv": [2.5, 8.625, 2.625, 9], "texture": "#16"},
				"up": {"uv": [8.875, 5.125, 8.75, 5], "texture": "#16"},
				"down": {"uv": [8.875, 5.375, 8.75, 5.5], "texture": "#16"}
			}
		},
		{
			"name": "Cube1",
			"from": [16.1, 3, 15.35],
			"to": [16.6, 3.75, 18.35],
			"rotation": {"angle": 0, "axis": "y", "origin": [0, 0, -7]},
			"faces": {
				"north": {"uv": [8.75, 5.5, 8.875, 5.625], "texture": "#16"},
				"east": {"uv": [8.625, 1.5, 9, 1.625], "texture": "#16"},
				"south": {"uv": [8.75, 5.625, 8.875, 5.75], "texture": "#16"},
				"west": {"uv": [8.625, 1.625, 9, 1.75], "texture": "#16"},
				"up": {"uv": [2.75, 9, 2.625, 8.625], "texture": "#16"},
				"down": {"uv": [2.875, 8.625, 2.75, 9], "texture": "#16"}
			}
		},
		{
			"name": "Cube2",
			"from": [0.4, 3.95, 1.75],
			"to": [0.9, 4.45, 10],
			"rotation": {"angle": 0, "axis": "y", "origin": [0, 0, -7]},
			"faces": {
				"north": {"uv": [8.75, 5.875, 8.875, 6], "texture": "#16"},
				"east": {"uv": [7.5, 1.375, 8.5, 1.5], "texture": "#16"},
				"south": {"uv": [6.125, 8.75, 6.25, 8.875], "texture": "#16"},
				"west": {"uv": [7.5, 1.5, 8.5, 1.625], "texture": "#16"},
				"up": {"uv": [4.75, 8.75, 4.625, 7.75], "texture": "#16"},
				"down": {"uv": [7.875, 5.625, 7.75, 6.625], "texture": "#16"}
			}
		},
		{
			"name": "Cube2",
			"from": [0.4, 3.95, 15.9],
			"to": [0.9, 4.45, 18.4],
			"rotation": {"angle": 0, "axis": "y", "origin": [0, 0, -7]},
			"faces": {
				"north": {"uv": [6.25, 8.75, 6.375, 8.875], "texture": "#16"},
				"east": {"uv": [8.625, 6.75, 8.875, 6.875], "texture": "#16"},
				"south": {"uv": [6.375, 8.75, 6.5, 8.875], "texture": "#16"},
				"west": {"uv": [7, 8.625, 7.25, 8.75], "texture": "#16"},
				"up": {"uv": [7.375, 8.875, 7.25, 8.625], "texture": "#16"},
				"down": {"uv": [7.5, 8.625, 7.375, 8.875], "texture": "#16"}
			}
		},
		{
			"name": "Cube2",
			"from": [16.1, 3.95, 15.35],
			"to": [16.6, 4.45, 18.35],
			"rotation": {"angle": 0, "axis": "y", "origin": [0, 0, -7]},
			"faces": {
				"north": {"uv": [8.75, 6.875, 8.875, 7], "texture": "#16"},
				"east": {"uv": [8.625, 1.875, 9, 2], "texture": "#16"},
				"south": {"uv": [7, 8.75, 7.125, 8.875], "texture": "#16"},
				"west": {"uv": [3.25, 8.625, 3.625, 8.75], "texture": "#16"},
				"up": {"uv": [3.75, 9, 3.625, 8.625], "texture": "#16"},
				"down": {"uv": [3.875, 8.625, 3.75, 9], "texture": "#16"}
			}
		},
		{
			"name": "Cube1",
			"from": [16, 18, 2],
			"to": [16.5, 19, 19],
			"rotation": {"angle": 0, "axis": "y", "origin": [0, 0, -7]},
			"faces": {
				"north": {"uv": [8.75, 7, 8.875, 7.125], "texture": "#16"},
				"east": {"uv": [6.75, 2.875, 8.875, 3], "texture": "#16"},
				"south": {"uv": [7.125, 8.75, 7.25, 8.875], "texture": "#16"},
				"west": {"uv": [6.75, 3, 8.875, 3.125], "texture": "#16"},
				"up": {"uv": [1.375, 8.875, 1.25, 6.75], "texture": "#16"},
				"down": {"uv": [1.5, 6.75, 1.375, 8.875], "texture": "#16"}
			}
		},
		{
			"name": "door",
			"from": [16, 2, 3],
			"to": [16.4, 3, 10],
			"rotation": {"angle": 0, "axis": "y", "origin": [0, 0, -7]},
			"faces": {
				"north": {"uv": [8.75, 7.125, 8.875, 7.25], "texture": "#16"},
				"east": {"uv": [7.75, 4.375, 8.625, 4.5], "texture": "#16"},
				"south": {"uv": [8.75, 7.25, 8.875, 7.375], "texture": "#16"},
				"west": {"uv": [7.75, 4.5, 8.625, 4.625], "texture": "#16"},
				"up": {"uv": [0.25, 8.75, 0.125, 7.875], "texture": "#16"},
				"down": {"uv": [0.375, 7.875, 0.25, 8.75], "texture": "#16"}
			}
		},
		{
			"name": "door",
			"from": [16, 2, 9],
			"to": [16.4, 18, 10],
			"rotation": {"angle": 0, "axis": "y", "origin": [0, 0, -7]},
			"faces": {
				"north": {"uv": [1.5, 6.75, 1.625, 8.75], "texture": "#16"},
				"east": {"uv": [1.625, 6.75, 1.75, 8.75], "texture": "#16"},
				"south": {"uv": [1.75, 6.75, 1.875, 8.75], "texture": "#16"},
				"west": {"uv": [1.875, 6.75, 2, 8.75], "texture": "#16"},
				"up": {"uv": [8.875, 7.5, 8.75, 7.375], "texture": "#16"},
				"down": {"uv": [8.875, 7.5, 8.75, 7.625], "texture": "#16"}
			}
		},
		{
			"name": "door",
			"from": [16, 17, 3],
			"to": [16.4, 18, 9],
			"rotation": {"angle": 0, "axis": "y", "origin": [0, 0, -7]},
			"faces": {
				"north": {"uv": [8.75, 7.625, 8.875, 7.75], "texture": "#16"},
				"east": {"uv": [7.875, 6.375, 8.625, 6.5], "texture": "#16"},
				"south": {"uv": [8.75, 7.75, 8.875, 7.875], "texture": "#16"},
				"west": {"uv": [7.875, 6.5, 8.625, 6.625], "texture": "#16"},
				"up": {"uv": [8.375, 0.75, 8.25, 0], "texture": "#16"},
				"down": {"uv": [8.375, 5.125, 8.25, 5.875], "texture": "#16"}
			}
		},
		{
			"name": "door",
			"from": [16, 2, 2],
			"to": [16.4, 18, 3],
			"rotation": {"angle": 0, "axis": "y", "origin": [0, 0, -7]},
			"faces": {
				"north": {"uv": [2, 6.75, 2.125, 8.75], "texture": "#16"},
				"east": {"uv": [2.125, 6.75, 2.25, 8.75], "texture": "#16"},
				"south": {"uv": [2.25, 6.75, 2.375, 8.75], "texture": "#16"},
				"west": {"uv": [6, 7, 6.125, 9], "texture": "#16"},
				"up": {"uv": [8.625, 8.875, 8.5, 8.75], "texture": "#16"},
				"down": {"uv": [8.75, 8.75, 8.625, 8.875], "texture": "#16"}
			}
		},
		{
			"name": "doorglas3",
			"from": [16, 3, 3],
			"to": [16.4, 17, 9],
			"rotation": {"angle": 0, "axis": "y", "origin": [0, 0, -7]},
			"faces": {
				"north": {"uv": [5.375, 7.125, 5.5, 8.875], "texture": "#16"},
				"east": {"uv": [0, 5, 0.75, 6.75], "texture": "#16"},
				"south": {"uv": [6.625, 7.125, 6.75, 8.875], "texture": "#16"},
				"west": {"uv": [0.75, 5, 1.5, 6.75], "texture": "#16"},
				"up": {"uv": [8.375, 8.125, 8.25, 7.375], "texture": "#16"},
				"down": {"uv": [7.875, 8.25, 7.75, 9], "texture": "#16"}
			}
		},
		{
			"name": "door",
			"from": [16, 2, 4],
			"to": [16.4, 3, 11],
			"rotation": {"angle": 0, "axis": "y", "origin": [0, 0, -7]},
			"faces": {
				"north": {"uv": [8.75, 8.625, 8.875, 8.75], "texture": "#16"},
				"east": {"uv": [7.75, 6.625, 8.625, 6.75], "texture": "#16"},
				"south": {"uv": [8.75, 8.75, 8.875, 8.875], "texture": "#16"},
				"west": {"uv": [7.75, 6.75, 8.625, 6.875], "texture": "#16"},
				"up": {"uv": [0.5, 8.75, 0.375, 7.875], "texture": "#16"},
				"down": {"uv": [0.625, 7.875, 0.5, 8.75], "texture": "#16"}
			}
		},
		{
			"name": "wheel2",
			"from": [13.4, -0.5, 10.5],
			"to": [16.4, 4.5, 15.5],
			"rotation": {"angle": 0, "axis": "y", "origin": [0, 0, -7]},
			"faces": {
				"north": {"uv": [6.875, 3.375, 7.25, 4], "texture": "#16"},
				"east": {"uv": [6, 6.375, 6.625, 7], "texture": "#16"},
				"south": {"uv": [6.875, 4, 7.25, 4.625], "texture": "#16"},
				"west": {"uv": [6.5, 0, 7.125, 0.625], "texture": "#16"},
				"up": {"uv": [6.5, 7.625, 6.125, 7], "texture": "#16"},
				"down": {"uv": [7.375, 6.375, 7, 7], "texture": "#16"}
			}
		},
		{
			"name": "wheel2",
			"from": [16, 0.5, 11.5],
			"to": [16.5, 3.5, 14.5],
			"rotation": {"angle": 0, "axis": "y", "origin": [0, 0, -7]},
			"faces": {
				"north": {"uv": [3.875, 8.625, 4, 9], "texture": "#16"},
				"east": {"uv": [7.375, 7.375, 7.75, 7.75], "texture": "#16"},
				"south": {"uv": [4, 8.625, 4.125, 9], "texture": "#16"},
				"west": {"uv": [0, 7.5, 0.375, 7.875], "texture": "#16"},
				"up": {"uv": [4.25, 9, 4.125, 8.625], "texture": "#16"},
				"down": {"uv": [4.875, 8.625, 4.75, 9], "texture": "#16"}
			}
		},
		{
			"name": "wheel1",
			"from": [0, -0.5, 10.5],
			"to": [3, 4.5, 15.5],
			"rotation": {"angle": 0, "axis": "y", "origin": [0, 0, -7]},
			"faces": {
				"north": {"uv": [7, 7, 7.375, 7.625], "texture": "#16"},
				"east": {"uv": [6.5, 0.625, 7.125, 1.25], "texture": "#16"},
				"south": {"uv": [7.125, 0, 7.5, 0.625], "texture": "#16"},
				"west": {"uv": [6.5, 1.25, 7.125, 1.875], "texture": "#16"},
				"up": {"uv": [7.5, 1.25, 7.125, 0.625], "texture": "#16"},
				"down": {"uv": [7.5, 1.25, 7.125, 1.875], "texture": "#16"}
			}
		},
		{
			"name": "wheel1",
			"from": [-0.1, 0.5, 11.5],
			"to": [0.4, 3.5, 14.5],
			"rotation": {"angle": 0, "axis": "y", "origin": [0, 0, -7]},
			"faces": {
				"north": {"uv": [4.875, 8.625, 5, 9], "texture": "#16"},
				"east": {"uv": [7.5, 0, 7.875, 0.375], "texture": "#16"},
				"south": {"uv": [8.625, 5.375, 8.75, 5.75], "texture": "#16"},
				"west": {"uv": [0.375, 7.5, 0.75, 7.875], "texture": "#16"},
				"up": {"uv": [5.625, 9, 5.5, 8.625], "texture": "#16"},
				"down": {"uv": [5.75, 8.625, 5.625, 9], "texture": "#16"}
			}
		},
		{
			"name": "wheel2",
			"from": [-0.2, 0.5, 11.5],
			"to": [0.3, 1, 12],
			"rotation": {"angle": 0, "axis": "y", "origin": [0, 0, -7]},
			"faces": {
				"north": {"uv": [0, 8.875, 0.125, 9], "texture": "#16"},
				"east": {"uv": [8.875, 0, 9, 0.125], "texture": "#16"},
				"south": {"uv": [0.125, 8.875, 0.25, 9], "texture": "#16"},
				"west": {"uv": [8.875, 0.125, 9, 0.25], "texture": "#16"},
				"up": {"uv": [0.5, 9, 0.375, 8.875], "texture": "#16"},
				"down": {"uv": [0.625, 8.875, 0.5, 9], "texture": "#16"}
			}
		},
		{
			"name": "wheel3",
			"from": [-0.2, 3, 11.5],
			"to": [0.3, 3.5, 12],
			"rotation": {"angle": 0, "axis": "y", "origin": [0, 0, -7]},
			"faces": {
				"north": {"uv": [0.75, 8.875, 0.875, 9], "texture": "#16"},
				"east": {"uv": [0.875, 8.875, 1, 9], "texture": "#16"},
				"south": {"uv": [1, 8.875, 1.125, 9], "texture": "#16"},
				"west": {"uv": [1.125, 8.875, 1.25, 9], "texture": "#16"},
				"up": {"uv": [1.375, 9, 1.25, 8.875], "texture": "#16"},
				"down": {"uv": [1.5, 8.875, 1.375, 9], "texture": "#16"}
			}
		},
		{
			"name": "wheel4",
			"from": [-0.2, 3, 14],
			"to": [0.3, 3.5, 14.5],
			"rotation": {"angle": 0, "axis": "y", "origin": [0, 0, -7]},
			"faces": {
				"north": {"uv": [8.875, 1.375, 9, 1.5], "texture": "#16"},
				"east": {"uv": [1.875, 8.875, 2, 9], "texture": "#16"},
				"south": {"uv": [2, 8.875, 2.125, 9], "texture": "#16"},
				"west": {"uv": [2.125, 8.875, 2.25, 9], "texture": "#16"},
				"up": {"uv": [2.375, 9, 2.25, 8.875], "texture": "#16"},
				"down": {"uv": [9, 2.375, 8.875, 2.5], "texture": "#16"}
			}
		},
		{
			"name": "wheel3",
			"from": [-0.2, 0.5, 14],
			"to": [0.3, 1, 14.5],
			"rotation": {"angle": 0, "axis": "y", "origin": [0, 0, -7]},
			"faces": {
				"north": {"uv": [8.875, 2.5, 9, 2.625], "texture": "#16"},
				"east": {"uv": [8.875, 2.625, 9, 2.75], "texture": "#16"},
				"south": {"uv": [8.875, 2.75, 9, 2.875], "texture": "#16"},
				"west": {"uv": [8.875, 2.875, 9, 3], "texture": "#16"},
				"up": {"uv": [9, 3.125, 8.875, 3], "texture": "#16"},
				"down": {"uv": [9, 3.125, 8.875, 3.25], "texture": "#16"}
			}
		},
		{
			"name": "wheel4",
			"from": [16.1, 3, 11.5],
			"to": [16.6, 3.5, 12],
			"rotation": {"angle": 0, "axis": "y", "origin": [16, 0, -7]},
			"faces": {
				"north": {"uv": [3.25, 8.875, 3.375, 9], "texture": "#16"},
				"east": {"uv": [3.375, 8.875, 3.5, 9], "texture": "#16"},
				"south": {"uv": [3.5, 8.875, 3.625, 9], "texture": "#16"},
				"west": {"uv": [8.875, 3.5, 9, 3.625], "texture": "#16"},
				"up": {"uv": [9, 3.75, 8.875, 3.625], "texture": "#16"},
				"down": {"uv": [9, 3.75, 8.875, 3.875], "texture": "#16"}
			}
		},
		{
			"name": "wheel5",
			"from": [16.1, 3, 14],
			"to": [16.6, 3.5, 14.5],
			"rotation": {"angle": 0, "axis": "y", "origin": [16, 0, -7]},
			"faces": {
				"north": {"uv": [8.875, 3.875, 9, 4], "texture": "#16"},
				"east": {"uv": [8.875, 4, 9, 4.125], "texture": "#16"},
				"south": {"uv": [8.875, 4.125, 9, 4.25], "texture": "#16"},
				"west": {"uv": [8.875, 4.25, 9, 4.375], "texture": "#16"},
				"up": {"uv": [4.5, 9, 4.375, 8.875], "texture": "#16"},
				"down": {"uv": [4.625, 8.875, 4.5, 9], "texture": "#16"}
			}
		},
		{
			"name": "wheel4",
			"from": [16.1, 0.5, 14],
			"to": [16.6, 1, 14.5],
			"rotation": {"angle": 0, "axis": "y", "origin": [16, 0, -7]},
			"faces": {
				"north": {"uv": [4.625, 8.875, 4.75, 9], "texture": "#16"},
				"east": {"uv": [8.875, 4.625, 9, 4.75], "texture": "#16"},
				"south": {"uv": [8.875, 4.75, 9, 4.875], "texture": "#16"},
				"west": {"uv": [8.875, 4.875, 9, 5], "texture": "#16"},
				"up": {"uv": [9, 5.125, 8.875, 5], "texture": "#16"},
				"down": {"uv": [5.5, 8.875, 5.375, 9], "texture": "#16"}
			}
		},
		{
			"name": "wheel3",
			"from": [16.1, 0.5, 11.5],
			"to": [16.6, 1, 12],
			"rotation": {"angle": 0, "axis": "y", "origin": [16, 0, -7]},
			"faces": {
				"north": {"uv": [8.875, 5.375, 9, 5.5], "texture": "#16"},
				"east": {"uv": [8.875, 5.5, 9, 5.625], "texture": "#16"},
				"south": {"uv": [8.875, 5.625, 9, 5.75], "texture": "#16"},
				"west": {"uv": [8.875, 5.875, 9, 6], "texture": "#16"},
				"up": {"uv": [6.25, 9, 6.125, 8.875], "texture": "#16"},
				"down": {"uv": [6.375, 8.875, 6.25, 9], "texture": "#16"}
			}
		},
		{
			"name": "back",
			"from": [1, 2, 18.4],
			"to": [16, 12, 18.9],
			"rotation": {"angle": 0, "axis": "y", "origin": [0, 0, -7]},
			"faces": {
				"north": {"uv": [3.75, 0, 5.625, 1.25], "texture": "#16"},
				"east": {"uv": [6.75, 7.125, 6.875, 8.375], "texture": "#16"},
				"south": {"uv": [3.75, 1.25, 5.625, 2.5], "texture": "#16"},
				"west": {"uv": [6.875, 7.125, 7, 8.375], "texture": "#16"},
				"up": {"uv": [8.75, 4.75, 6.875, 4.625], "texture": "#16"},
				"down": {"uv": [8.75, 4.75, 6.875, 4.875], "texture": "#16"}
			}
		},
		{
			"name": "base",
			"from": [1, 2, 1.9],
			"to": [16, 3.5, 17.9],
			"rotation": {"angle": 0, "axis": "y", "origin": [0, 0, -1]},
			"faces": {
				"north": {"uv": [5.75, 6.125, 7.625, 6.375], "texture": "#16"},
				"east": {"uv": [5.75, 5.625, 7.75, 5.875], "texture": "#16"},
				"south": {"uv": [3.125, 6.25, 5, 6.5], "texture": "#16"},
				"west": {"uv": [5.75, 5.875, 7.75, 6.125], "texture": "#16"},
				"up": {"uv": [1.875, 4.125, 0, 2.125], "texture": "#16"},
				"down": {"uv": [3.75, 2.125, 1.875, 4.125], "texture": "#16"}
			}
		},
		{
			"name": "back",
			"from": [1, 18, 18.4],
			"to": [16, 19, 18.9],
			"rotation": {"angle": 0, "axis": "y", "origin": [0, 0, -7]},
			"faces": {
				"north": {"uv": [6.875, 4.875, 8.75, 5], "texture": "#16"},
				"east": {"uv": [6.375, 8.875, 6.5, 9], "texture": "#16"},
				"south": {"uv": [6.875, 5, 8.75, 5.125], "texture": "#16"},
				"west": {"uv": [6.5, 8.875, 6.625, 9], "texture": "#16"},
				"up": {"uv": [9.125, 2.125, 7.25, 2], "texture": "#16"},
				"down": {"uv": [9.125, 2.125, 7.25, 2.25], "texture": "#16"}
			}
		},
		{
			"name": "back",
			"from": [1, 12, 18.4],
			"to": [2, 18, 18.9],
			"rotation": {"angle": 0, "axis": "y", "origin": [0, 0, -7]},
			"faces": {
				"north": {"uv": [7.875, 8.25, 8, 9], "texture": "#16"},
				"east": {"uv": [8, 8.25, 8.125, 9], "texture": "#16"},
				"south": {"uv": [8.25, 8.125, 8.375, 8.875], "texture": "#16"},
				"west": {"uv": [8.375, 0, 8.5, 0.75], "texture": "#16"},
				"up": {"uv": [6.75, 9, 6.625, 8.875], "texture": "#16"},
				"down": {"uv": [9, 6.75, 8.875, 6.875], "texture": "#16"}
			}
		},
		{
			"name": "back",
			"from": [15, 12, 18.4],
			"to": [16, 18, 18.9],
			"rotation": {"angle": 0, "axis": "y", "origin": [0, 0, -7]},
			"faces": {
				"north": {"uv": [8.375, 5.125, 8.5, 5.875], "texture": "#16"},
				"east": {"uv": [6.75, 8.375, 6.875, 9.125], "texture": "#16"},
				"south": {"uv": [6.875, 8.375, 7, 9.125], "texture": "#16"},
				"west": {"uv": [8.375, 7.375, 8.5, 8.125], "texture": "#16"},
				"up": {"uv": [9, 7, 8.875, 6.875], "texture": "#16"},
				"down": {"uv": [7.125, 8.875, 7, 9], "texture": "#16"}
			}
		},
		{
			"name": "backglas",
			"from": [2, 12, 18.4],
			"to": [15, 18, 18.9],
			"rotation": {"angle": 0, "axis": "y", "origin": [0, 0, -7]},
			"faces": {
				"north": {"uv": [1.5, 5, 3.125, 5.75], "texture": "#16"},
				"east": {"uv": [8.375, 8.125, 8.5, 8.875], "texture": "#16"},
				"south": {"uv": [5.125, 2.5, 6.75, 3.25], "texture": "#16"},
				"west": {"uv": [8.5, 0, 8.625, 0.75], "texture": "#16"},
				"up": {"uv": [8.875, 3.625, 7.25, 3.5], "texture": "#16"},
				"down": {"uv": [8.875, 3.625, 7.25, 3.75], "texture": "#16"}
			}
		},
		{
			"name": "backl",
			"from": [0.8, 5, 18.5],
			"to": [2.3, 7, 19],
			"rotation": {"angle": 0, "axis": "y", "origin": [0, 0, -7]},
			"faces": {
				"north": {"uv": [8.625, 7.375, 8.75, 7.625], "texture": "#16"},
				"east": {"uv": [7.5, 8.625, 7.625, 8.875], "texture": "#16"},
				"south": {"uv": [7.625, 8.625, 7.75, 8.875], "texture": "#16"},
				"west": {"uv": [8.625, 7.625, 8.75, 7.875], "texture": "#16"},
				"up": {"uv": [9, 7.125, 8.875, 7], "texture": "#16"},
				"down": {"uv": [7.25, 8.875, 7.125, 9], "texture": "#16"}
			}
		},
		{
			"name": "backl",
			"from": [0.8, 7, 18.5],
			"to": [2.3, 8, 19],
			"rotation": {"angle": 0, "axis": "y", "origin": [0, 0, -7]},
			"faces": {
				"north": {"uv": [8.875, 7.125, 9, 7.25], "texture": "#16"},
				"east": {"uv": [7.25, 8.875, 7.375, 9], "texture": "#16"},
				"south": {"uv": [8.875, 7.25, 9, 7.375], "texture": "#16"},
				"west": {"uv": [7.375, 8.875, 7.5, 9], "texture": "#16"},
				"up": {"uv": [9, 7.5, 8.875, 7.375], "texture": "#16"},
				"down": {"uv": [7.625, 8.875, 7.5, 9], "texture": "#16"}
			}
		},
		{
			"name": "backl",
			"from": [14.8, 7, 18.5],
			"to": [16.3, 8, 19],
			"rotation": {"angle": 0, "axis": "y", "origin": [0, 0, -7]},
			"faces": {
				"north": {"uv": [8.625, 7.875, 8.875, 8], "texture": "#16"},
				"east": {"uv": [8.875, 7.5, 9, 7.625], "texture": "#16"},
				"south": {"uv": [8.625, 8, 8.875, 8.125], "texture": "#16"},
				"west": {"uv": [7.625, 8.875, 7.75, 9], "texture": "#16"},
				"up": {"uv": [8.75, 8.75, 8.5, 8.625], "texture": "#16"},
				"down": {"uv": [0.25, 8.75, 0, 8.875], "texture": "#16"}
			}
		},
		{
			"name": "backl",
			"from": [14.8, 5, 18.5],
			"to": [16.3, 7, 19],
			"rotation": {"angle": 0, "axis": "y", "origin": [0, 0, -7]},
			"faces": {
				"north": {"uv": [3.125, 5, 3.375, 5.25], "texture": "#16"},
				"east": {"uv": [8.75, 0, 8.875, 0.25], "texture": "#16"},
				"south": {"uv": [3.375, 5, 3.625, 5.25], "texture": "#16"},
				"west": {"uv": [0.25, 8.75, 0.375, 9], "texture": "#16"},
				"up": {"uv": [9, 0.375, 8.75, 0.25], "texture": "#16"},
				"down": {"uv": [0.625, 8.75, 0.375, 8.875], "texture": "#16"}
			}
		},
		{
			"name": "roof",
			"from": [1, 18.5, 2],
			"to": [16, 19.5, 19],
			"rotation": {"angle": 0, "axis": "y", "origin": [0, 0, -7]},
			"faces": {
				"north": {"uv": [7.25, 2.25, 9.125, 2.375], "texture": "#16"},
				"east": {"uv": [6.75, 3.125, 8.875, 3.25], "texture": "#16"},
				"south": {"uv": [7.25, 3.375, 9.125, 3.5], "texture": "#16"},
				"west": {"uv": [6.875, 3.25, 9, 3.375], "texture": "#16"},
				"up": {"uv": [1.875, 2.125, 0, 0], "texture": "#16"},
				"down": {"uv": [3.75, 0, 1.875, 2.125], "texture": "#16"}
			}
		},
		{
			"name": "roof",
			"from": [3, 19.5, 3],
			"to": [14, 20.75, 14],
			"rotation": {"angle": 0, "axis": "y", "origin": [0, 0, -7]},
			"faces": {
				"north": {"uv": [7.375, 6.875, 8.75, 7], "texture": "#16"},
				"east": {"uv": [7.375, 7, 8.75, 7.125], "texture": "#16"},
				"south": {"uv": [7.375, 7.125, 8.75, 7.25], "texture": "#16"},
				"west": {"uv": [7.375, 7.25, 8.75, 7.375], "texture": "#16"},
				"up": {"uv": [5.125, 3.875, 3.75, 2.5], "texture": "#16"},
				"down": {"uv": [5.125, 3.875, 3.75, 5.25], "texture": "#16"}
			}
		},
		{
			"name": "seat",
			"from": [2, 13, 5.5],
			"to": [4, 14, 6],
			"rotation": {"angle": 0, "axis": "y", "origin": [0, 0, -7]},
			"faces": {
				"north": {"uv": [8.75, 0.375, 9, 0.5], "texture": "#16"},
				"east": {"uv": [8.875, 7.625, 9, 7.75], "texture": "#16"},
				"south": {"uv": [8.75, 0.5, 9, 0.625], "texture": "#16"},
				"west": {"uv": [8.875, 7.75, 9, 7.875], "texture": "#16"},
				"up": {"uv": [9, 0.75, 8.75, 0.625], "texture": "#16"},
				"down": {"uv": [9, 0.75, 8.75, 0.875], "texture": "#16"}
			}
		},
		{
			"name": "seat",
			"from": [1, 6, 3],
			"to": [5, 7, 6],
			"rotation": {"angle": 0, "axis": "y", "origin": [0, 0, -7]},
			"faces": {
				"north": {"uv": [8.125, 0.75, 8.625, 0.875], "texture": "#16"},
				"east": {"uv": [8.625, 4.375, 9, 4.5], "texture": "#16"},
				"south": {"uv": [8.125, 6, 8.625, 6.125], "texture": "#16"},
				"west": {"uv": [8.625, 4.5, 9, 4.625], "texture": "#16"},
				"up": {"uv": [2.875, 7.625, 2.375, 7.25], "texture": "#16"},
				"down": {"uv": [7.75, 4.25, 7.25, 4.625], "texture": "#16"}
			}
		},
		{
			"name": "seat",
			"from": [1, 6, 5.5],
			"to": [5, 13, 6],
			"rotation": {"angle": 0, "axis": "y", "origin": [0, 0, -7]},
			"faces": {
				"north": {"uv": [3.25, 4.125, 3.75, 5], "texture": "#16"},
				"east": {"uv": [0.625, 7.875, 0.75, 8.75], "texture": "#16"},
				"south": {"uv": [5, 6.25, 5.5, 7.125], "texture": "#16"},
				"west": {"uv": [7.875, 5.25, 8, 6.125], "texture": "#16"},
				"up": {"uv": [8.75, 6, 8.25, 5.875], "texture": "#16"},
				"down": {"uv": [9, 1.75, 8.5, 1.875], "texture": "#16"}
			}
		},
		{
			"name": "seat",
			"from": [1, 6, 9],
			"to": [5, 7, 12],
			"rotation": {"angle": 0, "axis": "y", "origin": [0, 0, -7]},
			"faces": {
				"north": {"uv": [3.25, 8.5, 3.75, 8.625], "texture": "#16"},
				"east": {"uv": [8.625, 5.75, 9, 5.875], "texture": "#16"},
				"south": {"uv": [3.75, 8.5, 4.25, 8.625], "texture": "#16"},
				"west": {"uv": [8.625, 6, 9, 6.125], "texture": "#16"},
				"up": {"uv": [6, 7.625, 5.5, 7.25], "texture": "#16"},
				"down": {"uv": [7.875, 5.25, 7.375, 5.625], "texture": "#16"}
			}
		},
		{
			"name": "seat",
			"from": [13, 5.5, 9],
			"to": [15.5, 6.5, 12],
			"rotation": {"angle": 0, "axis": "y", "origin": [0, 0, -7]},
			"faces": {
				"north": {"uv": [6.125, 8.625, 6.5, 8.75], "texture": "#16"},
				"east": {"uv": [8.625, 6.125, 9, 6.25], "texture": "#16"},
				"south": {"uv": [8.625, 6.25, 9, 6.375], "texture": "#16"},
				"west": {"uv": [8.625, 6.375, 9, 6.5], "texture": "#16"},
				"up": {"uv": [7.875, 0.75, 7.5, 0.375], "texture": "#16"},
				"down": {"uv": [7.875, 0.75, 7.5, 1.125], "texture": "#16"}
			}
		},
		{
			"name": "seat",
			"from": [1, 6, 11.5],
			"to": [5, 13, 12],
			"rotation": {"angle": 0, "axis": "y", "origin": [0, 0, -7]},
			"faces": {
				"north": {"uv": [2.375, 6.375, 2.875, 7.25], "texture": "#16"},
				"east": {"uv": [7.875, 7.375, 8, 8.25], "texture": "#16"},
				"south": {"uv": [5.5, 6.375, 6, 7.25], "texture": "#16"},
				"west": {"uv": [8, 0, 8.125, 0.875], "texture": "#16"},
				"up": {"uv": [9, 5.25, 8.5, 5.125], "texture": "#16"},
				"down": {"uv": [9, 5.25, 8.5, 5.375], "texture": "#16"}
			}
		},
		{
			"name": "seat",
			"from": [15.25, 6, 9],
			"to": [15.75, 10, 12],
			"rotation": {"angle": 0, "axis": "y", "origin": [0, 0, -7]},
			"faces": {
				"north": {"uv": [4.25, 8.5, 4.375, 9], "texture": "#16"},
				"east": {"uv": [4.375, 7.25, 4.75, 7.75], "texture": "#16"},
				"south": {"uv": [8.5, 5.375, 8.625, 5.875], "texture": "#16"},
				"west": {"uv": [7.375, 6.375, 7.75, 6.875], "texture": "#16"},
				"up": {"uv": [5.875, 9, 5.75, 8.625], "texture": "#16"},
				"down": {"uv": [6, 8.625, 5.875, 9], "texture": "#16"}
			}
		},
		{
			"name": "seat",
			"from": [2, 13, 11.5],
			"to": [4, 14, 12],
			"rotation": {"angle": 0, "axis": "y", "origin": [0, 0, -7]},
			"faces": {
				"north": {"uv": [8.75, 0.875, 9, 1], "texture": "#16"},
				"east": {"uv": [8.875, 7.875, 9, 8], "texture": "#16"},
				"south": {"uv": [8.75, 1, 9, 1.125], "texture": "#16"},
				"west": {"uv": [8.875, 8, 9, 8.125], "texture": "#16"},
				"up": {"uv": [9, 1.25, 8.75, 1.125], "texture": "#16"},
				"down": {"uv": [9, 1.25, 8.75, 1.375], "texture": "#16"}
			}
		},
		{
			"name": "seat",
			"from": [2, 6, 15],
			"to": [15, 7, 18],
			"rotation": {"angle": 0, "axis": "y", "origin": [0, 0, -7]},
			"faces": {
				"north": {"uv": [7.25, 3.75, 8.875, 3.875], "texture": "#16"},
				"east": {"uv": [8.625, 6.5, 9, 6.625], "texture": "#16"},
				"south": {"uv": [7.25, 3.875, 8.875, 4], "texture": "#16"},
				"west": {"uv": [8.625, 6.625, 9, 6.75], "texture": "#16"},
				"up": {"uv": [7.25, 2.375, 5.625, 2], "texture": "#16"},
				"down": {"uv": [7.375, 5.25, 5.75, 5.625], "texture": "#16"}
			}
		},
		{
			"name": "seat",
			"from": [2, 6, 17.5],
			"to": [15, 13, 18],
			"rotation": {"angle": 0, "axis": "y", "origin": [0, 0, -7]},
			"faces": {
				"north": {"uv": [0, 4.125, 1.625, 5], "texture": "#16"},
				"east": {"uv": [8, 5.25, 8.125, 6.125], "texture": "#16"},
				"south": {"uv": [1.625, 4.125, 3.25, 5], "texture": "#16"},
				"west": {"uv": [8, 7.375, 8.125, 8.25], "texture": "#16"},
				"up": {"uv": [8.875, 4.125, 7.25, 4], "texture": "#16"},
				"down": {"uv": [8.875, 4.125, 7.25, 4.25], "texture": "#16"}
			}
		},
		{
			"name": "seat",
			"from": [4.5, 16.5, 2],
			"to": [5, 18.5, 2.5],
			"rotation": {"angle": 0, "axis": "y", "origin": [0, 0, -7]},
			"faces": {
				"north": {"uv": [0.625, 8.75, 0.75, 9], "texture": "#16"},
				"east": {"uv": [1.5, 8.75, 1.625, 9], "texture": "#16"},
				"south": {"uv": [1.625, 8.75, 1.75, 9], "texture": "#16"},
				"west": {"uv": [1.75, 8.75, 1.875, 9], "texture": "#16"},
				"up": {"uv": [8.25, 9, 8.125, 8.875], "texture": "#16"},
				"down": {"uv": [9, 8.125, 8.875, 8.25], "texture": "#16"}
			}
		},
		{
			"name": "seat",
			"from": [5, 16, 2],
			"to": [13, 16.5, 2.5],
			"rotation": {"angle": 0, "axis": "y", "origin": [0, 0, -7]},
			"faces": {
				"north": {"uv": [7.5, 1.625, 8.5, 1.75], "texture": "#16"},
				"east": {"uv": [8.25, 8.875, 8.375, 9], "texture": "#16"},
				"south": {"uv": [7.5, 1.75, 8.5, 1.875], "texture": "#16"},
				"west": {"uv": [8.875, 8.25, 9, 8.375], "texture": "#16"},
				"up": {"uv": [8.75, 2.5, 7.75, 2.375], "texture": "#16"},
				"down": {"uv": [8.75, 4.25, 7.75, 4.375], "texture": "#16"}
			}
		},
		{
			"name": "seat",
			"from": [13, 4, 2],
			"to": [13.5, 19, 2.5],
			"rotation": {"angle": 0, "axis": "y", "origin": [0, 0, -7]},
			"faces": {
				"north": {"uv": [6.5, 7, 6.625, 8.875], "texture": "#16"},
				"east": {"uv": [5, 7.125, 5.125, 9], "texture": "#16"},
				"south": {"uv": [5.125, 7.125, 5.25, 9], "texture": "#16"},
				"west": {"uv": [5.25, 7.125, 5.375, 9], "texture": "#16"},
				"up": {"uv": [8.5, 9, 8.375, 8.875], "texture": "#16"},
				"down": {"uv": [9, 8.375, 8.875, 8.5], "texture": "#16"}
			}
		}
	],
	"display": {
		"thirdperson_righthand": {
			"rotation": [75, 315, 0],
			"translation": [0, 2.5, 0],
			"scale": [0.375, 0.375, 0.375]
		},
		"firstperson_righthand": {
			"rotation": [0, 315, 0],
			"translation": [0, 2.5, 0],
			"scale": [0.4, 0.4, 0.4]
		},
		"ground": {
			"translation": [0, 3, 0],
			"scale": [0.25, 0.25, 0.25]
		},
		"gui": {
			"rotation": [30, 45, 0],
			"scale": [0.625, 0.625, 0.625]
		},
		"head": {
			"scale": [4, 4, 4]
		},
		"fixed": {
			"rotation": [0, 180, 0]
		}
	},
	"groups": [
		{
			"name": "busdoor1",
			"origin": [8, 8, 8],
			"color": 0,
			"children": [
				0,
				1,
				2,
				3,
				4,
				5,
				6,
				7,
				8,
				9,
				10,
				11,
				12,
				13,
				14,
				15,
				16,
				17,
				18,
				19,
				20,
				21,
				22,
				23,
				24,
				25,
				26,
				27,
				28,
				29,
				30,
				31,
				32,
				33,
				34,
				35,
				36,
				37,
				38,
				39,
				40,
				41,
				42,
				43,
				44,
				45,
				46,
				47,
				48,
				49,
				50,
				51,
				52,
				53,
				54,
				55,
				56,
				57,
				58,
				59,
				60,
				61,
				62,
				63,
				64,
				65,
				66
			]
		}
	]
}