{
	"credit": "Created with Blockbench [Exported as resourcepack with the \"resourcepack_packager\" plugin]",
	"texture_size": [128, 128],
	"textures": {
		"996": "item/leather_helmet/leather_helmet"
	},
	"elements": [
		{
			"name": "base",
			"from": [1, 2, -4.6],
			"to": [16, 3.5, 21.4],
			"rotation": {"angle": 0, "axis": "y", "origin": [0, 0, -1]},
			"faces": {
				"north": {"uv": [4.875, 7.625, 6.75, 7.8125], "texture": "#996"},
				"east": {"uv": [7, 4.375, 10.25, 4.5625], "texture": "#996"},
				"south": {"uv": [7.75, 7.5, 9.625, 7.6875], "texture": "#996"},
				"west": {"uv": [7.25, 1.5, 10.5, 1.6875], "texture": "#996"},
				"up": {"uv": [1.875, 3.25, 0, 0], "texture": "#996"},
				"down": {"uv": [3.75, 0, 1.875, 3.25], "texture": "#996"}
			}
		},
		{
			"name": "front",
			"from": [1, 2, -4.5],
			"to": [16, 5, -4],
			"rotation": {"angle": 0, "axis": "y", "origin": [0, 0, -1]},
			"faces": {
				"north": {"uv": [7.125, 6.375, 9, 6.75], "texture": "#996"},
				"east": {"uv": [2.375, 10.75, 2.4375, 11.125], "texture": "#996"},
				"south": {"uv": [0, 7.25, 1.875, 7.625], "texture": "#996"},
				"west": {"uv": [10.75, 2.5, 10.8125, 2.875], "texture": "#996"},
				"up": {"uv": [10.75, 0.5625, 8.875, 0.5], "texture": "#996"},
				"down": {"uv": [10.75, 0.625, 8.875, 0.6875], "texture": "#996"}
			}
		},
		{
			"name": "front",
			"from": [4, 5.25, -4.5],
			"to": [12, 5.5, -4],
			"rotation": {"angle": 0, "axis": "y", "origin": [8, 8, 7]},
			"faces": {
				"north": {"uv": [9.5, 3.125, 10.5, 3.1875], "texture": "#996"},
				"east": {"uv": [3, 11.125, 3.0625, 11.1875], "texture": "#996"},
				"south": {"uv": [9.625, 5.5, 10.625, 5.5625], "texture": "#996"},
				"west": {"uv": [3.125, 11.125, 3.1875, 11.1875], "texture": "#996"},
				"up": {"uv": [10.625, 5.6875, 9.625, 5.625], "texture": "#996"},
				"down": {"uv": [10.625, 5.75, 9.625, 5.8125], "texture": "#996"}
			}
		},
		{
			"name": "front",
			"from": [3, 5.75, -4.5],
			"to": [13, 6, -4],
			"rotation": {"angle": 0, "axis": "y", "origin": [8, 8, 7]},
			"faces": {
				"north": {"uv": [9.375, 0, 10.625, 0.0625], "texture": "#996"},
				"east": {"uv": [11.125, 3.125, 11.1875, 3.1875], "texture": "#996"},
				"south": {"uv": [9.375, 0.125, 10.625, 0.1875], "texture": "#996"},
				"west": {"uv": [3.25, 11.125, 3.3125, 11.1875], "texture": "#996"},
				"up": {"uv": [10.75, 2.5625, 9.5, 2.5], "texture": "#996"},
				"down": {"uv": [10.75, 2.625, 9.5, 2.6875], "texture": "#996"}
			}
		},
		{
			"name": "front",
			"from": [2, 6.25, -4.5],
			"to": [14, 6.5, -4],
			"rotation": {"angle": 0, "axis": "y", "origin": [8, 8, 7]},
			"faces": {
				"north": {"uv": [9, 6.375, 10.5, 6.4375], "texture": "#996"},
				"east": {"uv": [11.125, 3.25, 11.1875, 3.3125], "texture": "#996"},
				"south": {"uv": [9, 6.5, 10.5, 6.5625], "texture": "#996"},
				"west": {"uv": [3.375, 11.125, 3.4375, 11.1875], "texture": "#996"},
				"up": {"uv": [10.5, 6.6875, 9, 6.625], "texture": "#996"},
				"down": {"uv": [10.5, 6.75, 9, 6.8125], "texture": "#996"}
			}
		},
		{
			"name": "front",
			"from": [1, 5, -4.4],
			"to": [15, 7, -4.1],
			"rotation": {"angle": 0, "axis": "y", "origin": [0, 0, -1]},
			"faces": {
				"north": {"uv": [7.25, 3.25, 9, 3.5], "texture": "#996"},
				"east": {"uv": [10.75, 7.25, 10.8125, 7.5], "texture": "#996"},
				"south": {"uv": [7.25, 6.75, 9, 7], "texture": "#996"},
				"west": {"uv": [8.125, 10.75, 8.1875, 11], "texture": "#996"},
				"up": {"uv": [10.625, 4.9375, 8.875, 4.875], "texture": "#996"},
				"down": {"uv": [10.625, 6, 8.875, 6.0625], "texture": "#996"}
			}
		},
		{
			"name": "front",
			"from": [14, 5, -4.5],
			"to": [16, 7, -4],
			"rotation": {"angle": 0, "axis": "y", "origin": [0, 0, -1]},
			"faces": {
				"north": {"uv": [5.625, 3.75, 5.875, 4], "texture": "#996"},
				"east": {"uv": [8.25, 10.75, 8.3125, 11], "texture": "#996"},
				"south": {"uv": [6.75, 5.5, 7, 5.75], "texture": "#996"},
				"west": {"uv": [8.375, 10.75, 8.4375, 11], "texture": "#996"},
				"up": {"uv": [11, 5.4375, 10.75, 5.375], "texture": "#996"},
				"down": {"uv": [11, 6.25, 10.75, 6.3125], "texture": "#996"}
			}
		},
		{
			"name": "front",
			"from": [10, 2, -4.5],
			"to": [14, 4, -4],
			"rotation": {"angle": 22.5, "axis": "z", "origin": [8, 8, 7]},
			"faces": {
				"north": {"uv": [2.625, 8.75, 3.125, 9], "texture": "#996"},
				"east": {"uv": [8.5, 10.75, 8.5625, 11], "texture": "#996"},
				"south": {"uv": [3.5, 8.75, 4, 9], "texture": "#996"},
				"west": {"uv": [8.625, 10.75, 8.6875, 11], "texture": "#996"},
				"up": {"uv": [11.125, 3.3125, 10.625, 3.25], "texture": "#996"},
				"down": {"uv": [11.125, 3.375, 10.625, 3.4375], "texture": "#996"}
			}
		},
		{
			"name": "front",
			"from": [1, 5, -4.5],
			"to": [3, 7, -4],
			"rotation": {"angle": 0, "axis": "y", "origin": [1, 0, -1]},
			"faces": {
				"north": {"uv": [1.125, 9.625, 1.375, 9.875], "texture": "#996"},
				"east": {"uv": [8.75, 10.75, 8.8125, 11], "texture": "#996"},
				"south": {"uv": [1.875, 9.625, 2.125, 9.875], "texture": "#996"},
				"west": {"uv": [8.875, 10.75, 8.9375, 11], "texture": "#996"},
				"up": {"uv": [9.25, 10.8125, 9, 10.75], "texture": "#996"},
				"down": {"uv": [9.5, 10.75, 9.25, 10.8125], "texture": "#996"}
			}
		},
		{
			"name": "front",
			"from": [3, 2, -4.5],
			"to": [7, 4, -4],
			"rotation": {"angle": -22.5, "axis": "z", "origin": [9, 8, 7]},
			"faces": {
				"north": {"uv": [0, 8.875, 0.5, 9.125], "texture": "#996"},
				"east": {"uv": [9.5, 10.75, 9.5625, 11], "texture": "#996"},
				"south": {"uv": [8.875, 0, 9.375, 0.25], "texture": "#996"},
				"west": {"uv": [9.625, 10.75, 9.6875, 11], "texture": "#996"},
				"up": {"uv": [4, 10.6875, 3.5, 10.625], "texture": "#996"},
				"down": {"uv": [4.875, 10.625, 4.375, 10.6875], "texture": "#996"}
			}
		},
		{
			"name": "Cube1",
			"from": [0.5, 2, -4],
			"to": [1, 9, 5],
			"rotation": {"angle": 0, "axis": "y", "origin": [0, 0, -1]},
			"faces": {
				"north": {"uv": [6.625, 9.875, 6.6875, 10.75], "texture": "#996"},
				"east": {"uv": [5.125, 5.75, 6.25, 6.625], "texture": "#996"},
				"south": {"uv": [7, 9.875, 7.0625, 10.75], "texture": "#996"},
				"west": {"uv": [5.875, 3.75, 7, 4.625], "texture": "#996"},
				"up": {"uv": [3.5625, 10.625, 3.5, 9.5], "texture": "#996"},
				"down": {"uv": [3.6875, 9.5, 3.625, 10.625], "texture": "#996"}
			}
		},
		{
			"name": "Cube1",
			"from": [0.5, 2, 5],
			"to": [1, 10, 21],
			"rotation": {"angle": 0, "axis": "y", "origin": [0, 0, -1]},
			"faces": {
				"north": {"uv": [1.375, 9.625, 1.4375, 10.625], "texture": "#996"},
				"east": {"uv": [3.75, 0, 5.75, 1], "texture": "#996"},
				"south": {"uv": [2.125, 9.625, 2.1875, 10.625], "texture": "#996"},
				"west": {"uv": [3.75, 1, 5.75, 2], "texture": "#996"},
				"up": {"uv": [5.5625, 10.625, 5.5, 8.625], "texture": "#996"},
				"down": {"uv": [6.5625, 8.625, 6.5, 10.625], "texture": "#996"}
			}
		},
		{
			"name": "Cube1",
			"from": [0.5, 9, 4],
			"to": [1, 18, 5],
			"rotation": {"angle": 0, "axis": "y", "origin": [0, 0, -1]},
			"faces": {
				"north": {"uv": [3.75, 9.5, 3.8125, 10.625], "texture": "#996"},
				"east": {"uv": [1.125, 8.5, 1.25, 9.625], "texture": "#996"},
				"south": {"uv": [3.875, 9.5, 3.9375, 10.625], "texture": "#996"},
				"west": {"uv": [1.25, 8.5, 1.375, 9.625], "texture": "#996"},
				"up": {"uv": [11.0625, 6.375, 11, 6.25], "texture": "#996"},
				"down": {"uv": [7.3125, 11, 7.25, 11.125], "texture": "#996"}
			}
		},
		{
			"name": "Cube1",
			"from": [0.5, 10, 12],
			"to": [1, 18, 13],
			"rotation": {"angle": 0, "axis": "y", "origin": [0, 0, -1]},
			"faces": {
				"north": {"uv": [2.25, 9.625, 2.3125, 10.625], "texture": "#996"},
				"east": {"uv": [7.125, 8.625, 7.25, 9.625], "texture": "#996"},
				"south": {"uv": [2.375, 9.625, 2.4375, 10.625], "texture": "#996"},
				"west": {"uv": [0.875, 8.75, 1, 9.75], "texture": "#996"},
				"up": {"uv": [7.4375, 11.125, 7.375, 11], "texture": "#996"},
				"down": {"uv": [7.6875, 11, 7.625, 11.125], "texture": "#996"}
			}
		},
		{
			"name": "Cube1",
			"from": [0.5, 10, 20],
			"to": [1, 18, 21],
			"rotation": {"angle": 0, "axis": "y", "origin": [0, 0, -1]},
			"faces": {
				"north": {"uv": [2.5, 9.625, 2.5625, 10.625], "texture": "#996"},
				"east": {"uv": [1, 8.75, 1.125, 9.75], "texture": "#996"},
				"south": {"uv": [4.375, 9.625, 4.4375, 10.625], "texture": "#996"},
				"west": {"uv": [4, 8.75, 4.125, 9.75], "texture": "#996"},
				"up": {"uv": [7.8125, 11.125, 7.75, 11], "texture": "#996"},
				"down": {"uv": [7.9375, 11, 7.875, 11.125], "texture": "#996"}
			}
		},
		{
			"name": "glas1",
			"from": [0.5, 10, 5],
			"to": [1, 18, 12],
			"rotation": {"angle": 0, "axis": "y", "origin": [0, 0, -1]},
			"faces": {
				"north": {"uv": [4.5, 9.625, 4.5625, 10.625], "texture": "#996"},
				"east": {"uv": [0, 6.25, 0.875, 7.25], "texture": "#996"},
				"south": {"uv": [4.625, 9.625, 4.6875, 10.625], "texture": "#996"},
				"west": {"uv": [0.875, 6.25, 1.75, 7.25], "texture": "#996"},
				"up": {"uv": [7.5625, 10.75, 7.5, 9.875], "texture": "#996"},
				"down": {"uv": [8.0625, 9.875, 8, 10.75], "texture": "#996"}
			}
		},
		{
			"name": "glas2",
			"from": [0.5, 9, -3],
			"to": [1, 18, 4],
			"rotation": {"angle": 0, "axis": "y", "origin": [0, 0, -1]},
			"faces": {
				"north": {"uv": [4.75, 9.5, 4.8125, 10.625], "texture": "#996"},
				"east": {"uv": [5.875, 4.625, 6.75, 5.75], "texture": "#996"},
				"south": {"uv": [4.875, 9.5, 4.9375, 10.625], "texture": "#996"},
				"west": {"uv": [3.75, 6, 4.625, 7.125], "texture": "#996"},
				"up": {"uv": [8.1875, 10.75, 8.125, 9.875], "texture": "#996"},
				"down": {"uv": [8.3125, 9.875, 8.25, 10.75], "texture": "#996"}
			}
		},
		{
			"name": "glas1",
			"from": [0.5, 10, 13],
			"to": [1, 18, 20],
			"rotation": {"angle": 0, "axis": "y", "origin": [0, 0, -1]},
			"faces": {
				"north": {"uv": [7.125, 9.625, 7.1875, 10.625], "texture": "#996"},
				"east": {"uv": [1.75, 6.25, 2.625, 7.25], "texture": "#996"},
				"south": {"uv": [9.125, 9.625, 9.1875, 10.625], "texture": "#996"},
				"west": {"uv": [2.625, 6.25, 3.5, 7.25], "texture": "#996"},
				"up": {"uv": [8.4375, 10.75, 8.375, 9.875], "texture": "#996"},
				"down": {"uv": [9.9375, 8.875, 9.875, 9.75], "texture": "#996"}
			}
		},
		{
			"name": "Cube1",
			"from": [0.4, 3, -4],
			"to": [0.9, 3.75, 4],
			"rotation": {"angle": 0, "axis": "y", "origin": [0, 0, -1]},
			"faces": {
				"north": {"uv": [8.125, 11, 8.1875, 11.125], "texture": "#996"},
				"east": {"uv": [8.875, 0.25, 9.875, 0.375], "texture": "#996"},
				"south": {"uv": [8.25, 11, 8.3125, 11.125], "texture": "#996"},
				"west": {"uv": [8.875, 0.375, 9.875, 0.5], "texture": "#996"},
				"up": {"uv": [9.3125, 10.625, 9.25, 9.625], "texture": "#996"},
				"down": {"uv": [9.5625, 9.625, 9.5, 10.625], "texture": "#996"}
			}
		},
		{
			"name": "Cube1",
			"from": [0.4, 3, 9.5],
			"to": [0.9, 3.75, 21],
			"rotation": {"angle": 0, "axis": "y", "origin": [0, 0, -1]},
			"faces": {
				"north": {"uv": [8.375, 11, 8.4375, 11.125], "texture": "#996"},
				"east": {"uv": [8.25, 1.25, 9.6875, 1.375], "texture": "#996"},
				"south": {"uv": [8.5, 11, 8.5625, 11.125], "texture": "#996"},
				"west": {"uv": [8.25, 1.375, 9.6875, 1.5], "texture": "#996"},
				"up": {"uv": [0.8125, 10.5625, 0.75, 9.125], "texture": "#996"},
				"down": {"uv": [9.4375, 8.875, 9.375, 10.3125], "texture": "#996"}
			}
		},
		{
			"name": "Cube1",
			"from": [0.5, 18, -3.3],
			"to": [1, 19, 21],
			"rotation": {"angle": 0, "axis": "y", "origin": [0, 0, -1]},
			"faces": {
				"north": {"uv": [11, 8.5, 11.0625, 8.625], "texture": "#996"},
				"east": {"uv": [7.625, 5.25, 10.6875, 5.375], "texture": "#996"},
				"south": {"uv": [8.625, 11, 8.6875, 11.125], "texture": "#996"},
				"west": {"uv": [7.625, 5.375, 10.6875, 5.5], "texture": "#996"},
				"up": {"uv": [3.1875, 11.0625, 3.125, 8], "texture": "#996"},
				"down": {"uv": [3.3125, 8, 3.25, 11.0625], "texture": "#996"}
			}
		},
		{
			"name": "Cube2",
			"from": [1.25, 18.25, -1],
			"to": [2, 18.5, 19.5],
			"rotation": {"angle": 0, "axis": "y", "origin": [0, 0, -1]},
			"faces": {
				"north": {"uv": [11, 8.625, 11.125, 8.6875], "texture": "#996"},
				"east": {"uv": [8.75, 3.75, 11.3125, 3.8125], "texture": "#996"},
				"south": {"uv": [8.75, 11, 8.875, 11.0625], "texture": "#996"},
				"west": {"uv": [8.75, 3.875, 11.3125, 3.9375], "texture": "#996"},
				"up": {"uv": [3.5, 9.8125, 3.375, 7.25], "texture": "#996"},
				"down": {"uv": [1.625, 7.625, 1.5, 10.1875], "texture": "#996"}
			}
		},
		{
			"name": "Cube3",
			"from": [15, 18.25, -1],
			"to": [15.75, 18.5, 19.5],
			"rotation": {"angle": 0, "axis": "y", "origin": [0, 0, -1]},
			"faces": {
				"north": {"uv": [11, 8.75, 11.125, 8.8125], "texture": "#996"},
				"east": {"uv": [8.75, 4, 11.3125, 4.0625], "texture": "#996"},
				"south": {"uv": [8.875, 11, 9, 11.0625], "texture": "#996"},
				"west": {"uv": [7.625, 8.75, 10.1875, 8.8125], "texture": "#996"},
				"up": {"uv": [1.75, 10.1875, 1.625, 7.625], "texture": "#996"},
				"down": {"uv": [1.875, 7.625, 1.75, 10.1875], "texture": "#996"}
			}
		},
		{
			"name": "Cube2",
			"from": [16, 2, -4],
			"to": [16.5, 9, -3],
			"rotation": {"angle": 0, "axis": "y", "origin": [0, 0, -1]},
			"faces": {
				"north": {"uv": [9.75, 9.875, 9.8125, 10.75], "texture": "#996"},
				"east": {"uv": [7, 9, 7.125, 9.875], "texture": "#996"},
				"south": {"uv": [9.875, 9.75, 9.9375, 10.625], "texture": "#996"},
				"west": {"uv": [9, 8.875, 9.125, 9.75], "texture": "#996"},
				"up": {"uv": [11.0625, 9, 11, 8.875], "texture": "#996"},
				"down": {"uv": [9.0625, 11, 9, 11.125], "texture": "#996"}
			}
		},
		{
			"name": "Cube2",
			"from": [16, 2, 10],
			"to": [16.5, 10, 21],
			"rotation": {"angle": 0, "axis": "y", "origin": [0, 0, -1]},
			"faces": {
				"north": {"uv": [9.625, 9.625, 9.6875, 10.625], "texture": "#996"},
				"east": {"uv": [3.75, 4, 5.125, 5], "texture": "#996"},
				"south": {"uv": [0.875, 9.75, 0.9375, 10.75], "texture": "#996"},
				"west": {"uv": [3.75, 5, 5.125, 6], "texture": "#996"},
				"up": {"uv": [0.5625, 10.875, 0.5, 9.5], "texture": "#996"},
				"down": {"uv": [0.6875, 9.5, 0.625, 10.875], "texture": "#996"}
			}
		},
		{
			"name": "Cube2",
			"from": [13.5, 3.6, 4],
			"to": [16, 4.85, 10],
			"rotation": {"angle": 0, "axis": "y", "origin": [0, 0, -1]},
			"faces": {
				"north": {"uv": [10.5, 2.25, 10.8125, 2.375], "texture": "#996"},
				"east": {"uv": [5.5, 6.625, 6.25, 6.75], "texture": "#996"},
				"south": {"uv": [10.5, 2.375, 10.8125, 2.5], "texture": "#996"},
				"west": {"uv": [9, 6.875, 9.75, 7], "texture": "#996"},
				"up": {"uv": [3.0625, 8.75, 2.75, 8], "texture": "#996"},
				"down": {"uv": [3.8125, 8, 3.5, 8.75], "texture": "#996"}
			}
		},
		{
			"name": "Cube3",
			"from": [0.6, 3.6, 4],
			"to": [3.1, 4.85, 10],
			"rotation": {"angle": 0, "axis": "y", "origin": [0, 0, -1]},
			"faces": {
				"north": {"uv": [10.5, 3.125, 10.8125, 3.25], "texture": "#996"},
				"east": {"uv": [9.125, 1.75, 9.875, 1.875], "texture": "#996"},
				"south": {"uv": [10.5, 3.5, 10.8125, 3.625], "texture": "#996"},
				"west": {"uv": [9.125, 1.875, 9.875, 2], "texture": "#996"},
				"up": {"uv": [4.1875, 8.75, 3.875, 8], "texture": "#996"},
				"down": {"uv": [8.3125, 5.5, 8, 6.25], "texture": "#996"}
			}
		},
		{
			"name": "Cube4",
			"from": [0.6, 3.5, 5],
			"to": [6.1, 6, 5.5],
			"rotation": {"angle": 0, "axis": "y", "origin": [0, 0, -1]},
			"faces": {
				"north": {"uv": [8.25, 0.875, 8.9375, 1.1875], "texture": "#996"},
				"east": {"uv": [7.5, 10.75, 7.5625, 11.0625], "texture": "#996"},
				"south": {"uv": [4.875, 8.25, 5.5625, 8.5625], "texture": "#996"},
				"west": {"uv": [8, 10.75, 8.0625, 11.0625], "texture": "#996"},
				"up": {"uv": [11.0625, 0.3125, 10.375, 0.25], "texture": "#996"},
				"down": {"uv": [11.0625, 1, 10.375, 1.0625], "texture": "#996"}
			}
		},
		{
			"name": "Cube5",
			"from": [0.6, 6.5, 5],
			"to": [6.1, 12.5, 5.5],
			"rotation": {"angle": 0, "axis": "y", "origin": [0, 0, -1]},
			"faces": {
				"north": {"uv": [1.875, 7.25, 2.5625, 8], "texture": "#996"},
				"east": {"uv": [10.125, 1.75, 10.1875, 2.5], "texture": "#996"},
				"south": {"uv": [2.625, 7.25, 3.3125, 8], "texture": "#996"},
				"west": {"uv": [10.25, 1.75, 10.3125, 2.5], "texture": "#996"},
				"up": {"uv": [11.0625, 1.1875, 10.375, 1.125], "texture": "#996"},
				"down": {"uv": [11.0625, 8.125, 10.375, 8.1875], "texture": "#996"}
			}
		},
		{
			"name": "door",
			"from": [16, 2, -3],
			"to": [16.4, 18, -2],
			"rotation": {"angle": 0, "axis": "y", "origin": [0, 0, -1]},
			"faces": {
				"north": {"uv": [4.125, 8.75, 4.1875, 10.75], "texture": "#996"},
				"east": {"uv": [6.625, 7.875, 6.75, 9.875], "texture": "#996"},
				"south": {"uv": [7.625, 8.875, 7.6875, 10.875], "texture": "#996"},
				"west": {"uv": [7.25, 7.875, 7.375, 9.875], "texture": "#996"},
				"up": {"uv": [9.1875, 11.125, 9.125, 11], "texture": "#996"},
				"down": {"uv": [9.3125, 11, 9.25, 11.125], "texture": "#996"}
			}
		},
		{
			"name": "Cube3",
			"from": [16, 5, 4.6],
			"to": [16.5, 10, 10.1],
			"rotation": {"angle": 0, "axis": "y", "origin": [0, 0, -1]},
			"faces": {
				"north": {"uv": [10.5, 10, 10.5625, 10.625], "texture": "#996"},
				"east": {"uv": [7.5, 0.875, 8.1875, 1.5], "texture": "#996"},
				"south": {"uv": [0.75, 10.625, 0.8125, 11.25], "texture": "#996"},
				"west": {"uv": [7.625, 4.625, 8.3125, 5.25], "texture": "#996"},
				"up": {"uv": [10.5625, 9.1875, 10.5, 8.5], "texture": "#996"},
				"down": {"uv": [10.5625, 9.25, 10.5, 9.9375], "texture": "#996"}
			}
		},
		{
			"name": "door",
			"from": [16, 2, 3.75],
			"to": [16.4, 18, 4.75],
			"rotation": {"angle": 0, "axis": "y", "origin": [0, 0, -1]},
			"faces": {
				"north": {"uv": [7.75, 8.875, 7.8125, 10.875], "texture": "#996"},
				"east": {"uv": [7.375, 7.875, 7.5, 9.875], "texture": "#996"},
				"south": {"uv": [7.875, 8.875, 7.9375, 10.875], "texture": "#996"},
				"west": {"uv": [7.5, 7.875, 7.625, 9.875], "texture": "#996"},
				"up": {"uv": [9.4375, 11.125, 9.375, 11], "texture": "#996"},
				"down": {"uv": [9.5625, 11, 9.5, 11.125], "texture": "#996"}
			}
		},
		{
			"name": "Cube1",
			"from": [16, 10, 12],
			"to": [16.5, 18, 13],
			"rotation": {"angle": 0, "axis": "y", "origin": [0, 0, -1]},
			"faces": {
				"north": {"uv": [1, 9.75, 1.0625, 10.75], "texture": "#996"},
				"east": {"uv": [8, 8.875, 8.125, 9.875], "texture": "#996"},
				"south": {"uv": [4, 9.75, 4.0625, 10.75], "texture": "#996"},
				"west": {"uv": [8.125, 8.875, 8.25, 9.875], "texture": "#996"},
				"up": {"uv": [9.6875, 11.125, 9.625, 11], "texture": "#996"},
				"down": {"uv": [9.8125, 11, 9.75, 11.125], "texture": "#996"}
			}
		},
		{
			"name": "Cube1",
			"from": [16, 10, 20],
			"to": [16.5, 18, 21],
			"rotation": {"angle": 0, "axis": "y", "origin": [0, 0, -1]},
			"faces": {
				"north": {"uv": [8.5, 9.75, 8.5625, 10.75], "texture": "#996"},
				"east": {"uv": [8.25, 8.875, 8.375, 9.875], "texture": "#996"},
				"south": {"uv": [8.625, 9.75, 8.6875, 10.75], "texture": "#996"},
				"west": {"uv": [8.375, 8.875, 8.5, 9.875], "texture": "#996"},
				"up": {"uv": [9.9375, 11.125, 9.875, 11], "texture": "#996"},
				"down": {"uv": [10.0625, 11, 10, 11.125], "texture": "#996"}
			}
		},
		{
			"name": "doorglas2",
			"from": [16, 3, -2],
			"to": [16.4, 17, 4],
			"rotation": {"angle": 0, "axis": "y", "origin": [0, 0, -1]},
			"faces": {
				"north": {"uv": [0, 9.125, 0.0625, 10.875], "texture": "#996"},
				"east": {"uv": [5.125, 4, 5.875, 5.75], "texture": "#996"},
				"south": {"uv": [0.125, 9.125, 0.1875, 10.875], "texture": "#996"},
				"west": {"uv": [5.625, 2, 6.375, 3.75], "texture": "#996"},
				"up": {"uv": [10.4375, 2.5, 10.375, 1.75], "texture": "#996"},
				"down": {"uv": [3.4375, 10.375, 3.375, 11.125], "texture": "#996"}
			}
		},
		{
			"name": "glas2",
			"from": [16, 10, 5],
			"to": [16.5, 18, 12],
			"rotation": {"angle": 0, "axis": "y", "origin": [0, 0, -1]},
			"faces": {
				"north": {"uv": [8.75, 9.75, 8.8125, 10.75], "texture": "#996"},
				"east": {"uv": [6.25, 5.75, 7.125, 6.75], "texture": "#996"},
				"south": {"uv": [8.875, 9.75, 8.9375, 10.75], "texture": "#996"},
				"west": {"uv": [6.375, 1.5, 7.25, 2.5], "texture": "#996"},
				"up": {"uv": [6.0625, 10.875, 6, 10], "texture": "#996"},
				"down": {"uv": [6.1875, 10, 6.125, 10.875], "texture": "#996"}
			}
		},
		{
			"name": "glas2",
			"from": [16, 10, 13],
			"to": [16.5, 18, 20],
			"rotation": {"angle": 0, "axis": "y", "origin": [0, 0, -1]},
			"faces": {
				"north": {"uv": [9.75, 8.875, 9.8125, 9.875], "texture": "#996"},
				"east": {"uv": [6.375, 2.5, 7.25, 3.5], "texture": "#996"},
				"south": {"uv": [9, 9.75, 9.0625, 10.75], "texture": "#996"},
				"west": {"uv": [4.625, 6.625, 5.5, 7.625], "texture": "#996"},
				"up": {"uv": [10.0625, 9.75, 10, 8.875], "texture": "#996"},
				"down": {"uv": [10.0625, 9.75, 10, 10.625], "texture": "#996"}
			}
		},
		{
			"name": "Cube1",
			"from": [16.1, 3, -4],
			"to": [16.6, 3.75, -3],
			"rotation": {"angle": 0, "axis": "y", "origin": [0, 0, -1]},
			"faces": {
				"north": {"uv": [10.125, 11, 10.1875, 11.125], "texture": "#996"},
				"east": {"uv": [7.625, 7.875, 7.75, 8], "texture": "#996"},
				"south": {"uv": [10.375, 11, 10.4375, 11.125], "texture": "#996"},
				"west": {"uv": [4.75, 8.5, 4.875, 8.625], "texture": "#996"},
				"up": {"uv": [10.5625, 11.125, 10.5, 11], "texture": "#996"},
				"down": {"uv": [10.6875, 11, 10.625, 11.125], "texture": "#996"}
			}
		},
		{
			"name": "Cube3",
			"from": [0.2, 4.5, 1],
			"to": [0.7, 7.25, 4],
			"rotation": {"angle": 0, "axis": "y", "origin": [0, 0, -1]},
			"faces": {
				"north": {"uv": [10.75, 1.25, 10.8125, 1.625], "texture": "#996"},
				"east": {"uv": [6.25, 8.25, 6.625, 8.625], "texture": "#996"},
				"south": {"uv": [10.75, 1.625, 10.8125, 2], "texture": "#996"},
				"west": {"uv": [2.375, 8.375, 2.75, 8.75], "texture": "#996"},
				"up": {"uv": [2.1875, 11.125, 2.125, 10.75], "texture": "#996"},
				"down": {"uv": [2.3125, 10.75, 2.25, 11.125], "texture": "#996"}
			}
		},
		{
			"name": "Cube4",
			"from": [0.2, 5.5, -2],
			"to": [0.7, 6.25, -1],
			"rotation": {"angle": 0, "axis": "y", "origin": [0, 0, -1]},
			"faces": {
				"north": {"uv": [10.75, 11, 10.8125, 11.125], "texture": "#996"},
				"east": {"uv": [9.75, 10.75, 9.875, 10.875], "texture": "#996"},
				"south": {"uv": [10.875, 11, 10.9375, 11.125], "texture": "#996"},
				"west": {"uv": [9.875, 10.75, 10, 10.875], "texture": "#996"},
				"up": {"uv": [11.0625, 11, 11, 10.875], "texture": "#996"},
				"down": {"uv": [11.0625, 11, 11, 11.125], "texture": "#996"}
			}
		},
		{
			"name": "Cube1",
			"from": [16.1, 3, 10],
			"to": [16.6, 3.75, 21],
			"rotation": {"angle": 0, "axis": "y", "origin": [0, 0, -1]},
			"faces": {
				"north": {"uv": [0, 11.125, 0.0625, 11.25], "texture": "#996"},
				"east": {"uv": [8.375, 5, 9.75, 5.125], "texture": "#996"},
				"south": {"uv": [0.125, 11.125, 0.1875, 11.25], "texture": "#996"},
				"west": {"uv": [8.375, 5.125, 9.75, 5.25], "texture": "#996"},
				"up": {"uv": [2.6875, 10.875, 2.625, 9.5], "texture": "#996"},
				"down": {"uv": [2.8125, 9.5, 2.75, 10.875], "texture": "#996"}
			}
		},
		{
			"name": "Cube2",
			"from": [0.4, 3.95, -4],
			"to": [0.9, 4.45, 4],
			"rotation": {"angle": 0, "axis": "y", "origin": [0, 0, -1]},
			"faces": {
				"north": {"uv": [11.125, 3.375, 11.1875, 3.4375], "texture": "#996"},
				"east": {"uv": [9.625, 7.5, 10.625, 7.5625], "texture": "#996"},
				"south": {"uv": [3.5, 11.125, 3.5625, 11.1875], "texture": "#996"},
				"west": {"uv": [9.625, 7.625, 10.625, 7.6875], "texture": "#996"},
				"up": {"uv": [1.1875, 10.875, 1.125, 9.875], "texture": "#996"},
				"down": {"uv": [1.3125, 9.875, 1.25, 10.875], "texture": "#996"}
			}
		},
		{
			"name": "Cube2",
			"from": [0.4, 3.95, 9.5],
			"to": [0.9, 4.45, 21],
			"rotation": {"angle": 0, "axis": "y", "origin": [0, 0, -1]},
			"faces": {
				"north": {"uv": [11.125, 3.5, 11.1875, 3.5625], "texture": "#996"},
				"east": {"uv": [9.125, 5.875, 10.5625, 5.9375], "texture": "#996"},
				"south": {"uv": [3.625, 11.125, 3.6875, 11.1875], "texture": "#996"},
				"west": {"uv": [9.125, 8.375, 10.5625, 8.4375], "texture": "#996"},
				"up": {"uv": [0.3125, 10.9375, 0.25, 9.5], "texture": "#996"},
				"down": {"uv": [0.4375, 9.5, 0.375, 10.9375], "texture": "#996"}
			}
		},
		{
			"name": "Cube2",
			"from": [16.1, 3.95, 10],
			"to": [16.6, 4.45, 21],
			"rotation": {"angle": 0, "axis": "y", "origin": [0, 0, -1]},
			"faces": {
				"north": {"uv": [11.125, 3.625, 11.1875, 3.6875], "texture": "#996"},
				"east": {"uv": [9.25, 3.25, 10.625, 3.3125], "texture": "#996"},
				"south": {"uv": [3.75, 11.125, 3.8125, 11.1875], "texture": "#996"},
				"west": {"uv": [9.25, 3.375, 10.625, 3.4375], "texture": "#996"},
				"up": {"uv": [2.9375, 10.875, 2.875, 9.5], "texture": "#996"},
				"down": {"uv": [3.0625, 9.5, 3, 10.875], "texture": "#996"}
			}
		},
		{
			"name": "Cube2",
			"from": [16.1, 3.95, -4],
			"to": [16.6, 4.45, -3],
			"rotation": {"angle": 0, "axis": "y", "origin": [0, 0, -1]},
			"faces": {
				"north": {"uv": [3.875, 11.125, 3.9375, 11.1875], "texture": "#996"},
				"east": {"uv": [0.25, 11.125, 0.375, 11.1875], "texture": "#996"},
				"south": {"uv": [4, 11.125, 4.0625, 11.1875], "texture": "#996"},
				"west": {"uv": [11.125, 0.25, 11.25, 0.3125], "texture": "#996"},
				"up": {"uv": [0.4375, 11.25, 0.375, 11.125], "texture": "#996"},
				"down": {"uv": [0.5625, 11.125, 0.5, 11.25], "texture": "#996"}
			}
		},
		{
			"name": "Cube1",
			"from": [16, 18, -3.3],
			"to": [16.5, 19, 21],
			"rotation": {"angle": 0, "axis": "y", "origin": [0, 0, -1]},
			"faces": {
				"north": {"uv": [0.625, 11.125, 0.6875, 11.25], "texture": "#996"},
				"east": {"uv": [7.75, 7, 10.8125, 7.125], "texture": "#996"},
				"south": {"uv": [11.125, 0.625, 11.1875, 0.75], "texture": "#996"},
				"west": {"uv": [7.75, 7.125, 10.8125, 7.25], "texture": "#996"},
				"up": {"uv": [4.3125, 11.0625, 4.25, 8], "texture": "#996"},
				"down": {"uv": [5.6875, 8.25, 5.625, 11.3125], "texture": "#996"}
			}
		},
		{
			"name": "door",
			"from": [16, 17, -2],
			"to": [16.4, 18, 4],
			"rotation": {"angle": 0, "axis": "y", "origin": [0, 0, -1]},
			"faces": {
				"north": {"uv": [0.875, 11.125, 0.9375, 11.25], "texture": "#996"},
				"east": {"uv": [9.125, 2, 9.875, 2.125], "texture": "#996"},
				"south": {"uv": [1, 11.125, 1.0625, 11.25], "texture": "#996"},
				"west": {"uv": [9.125, 2.125, 9.875, 2.25], "texture": "#996"},
				"up": {"uv": [5.8125, 11.125, 5.75, 10.375], "texture": "#996"},
				"down": {"uv": [5.9375, 10.375, 5.875, 11.125], "texture": "#996"}
			}
		},
		{
			"name": "door",
			"from": [16, 2, -2],
			"to": [16.4, 3, 4],
			"rotation": {"angle": 0, "axis": "y", "origin": [0, 0, -1]},
			"faces": {
				"north": {"uv": [11.125, 1, 11.1875, 1.125], "texture": "#996"},
				"east": {"uv": [9.125, 2.25, 9.875, 2.375], "texture": "#996"},
				"south": {"uv": [1.125, 11.125, 1.1875, 11.25], "texture": "#996"},
				"west": {"uv": [9.125, 2.375, 9.875, 2.5], "texture": "#996"},
				"up": {"uv": [10.4375, 9.25, 10.375, 8.5], "texture": "#996"},
				"down": {"uv": [10.4375, 9.25, 10.375, 10], "texture": "#996"}
			}
		},
		{
			"name": "front",
			"from": [0.5, 9, -4],
			"to": [1, 18, -3],
			"rotation": {"angle": 0, "axis": "y", "origin": [8, 8, 7]},
			"faces": {
				"north": {"uv": [5, 9.5, 5.0625, 10.625], "texture": "#996"},
				"east": {"uv": [1.375, 8.5, 1.5, 9.625], "texture": "#996"},
				"south": {"uv": [5.125, 9.5, 5.1875, 10.625], "texture": "#996"},
				"west": {"uv": [4.375, 8.5, 4.5, 9.625], "texture": "#996"},
				"up": {"uv": [11.1875, 1.25, 11.125, 1.125], "texture": "#996"},
				"down": {"uv": [1.3125, 11.125, 1.25, 11.25], "texture": "#996"}
			}
		},
		{
			"name": "front",
			"from": [16, 9, -4],
			"to": [16.5, 18, -3],
			"rotation": {"angle": 0, "axis": "y", "origin": [8, 8, 7]},
			"faces": {
				"north": {"uv": [5.25, 9.5, 5.3125, 10.625], "texture": "#996"},
				"east": {"uv": [4.5, 8.5, 4.625, 9.625], "texture": "#996"},
				"south": {"uv": [5.375, 9.5, 5.4375, 10.625], "texture": "#996"},
				"west": {"uv": [4.625, 8.5, 4.75, 9.625], "texture": "#996"},
				"up": {"uv": [11.1875, 1.375, 11.125, 1.25], "texture": "#996"},
				"down": {"uv": [11.1875, 1.375, 11.125, 1.5], "texture": "#996"}
			}
		},
		{
			"name": "front",
			"from": [16, 13, -5.25],
			"to": [17.25, 16, -4.75],
			"rotation": {"angle": 0, "axis": "y", "origin": [8, 8, 7]},
			"faces": {
				"north": {"uv": [9.5, 2.75, 9.6875, 3.125], "texture": "#996"},
				"east": {"uv": [3.5, 10.75, 3.5625, 11.125], "texture": "#996"},
				"south": {"uv": [5.75, 9.5, 5.9375, 9.875], "texture": "#996"},
				"west": {"uv": [3.625, 10.75, 3.6875, 11.125], "texture": "#996"},
				"up": {"uv": [11.1875, 3.0625, 11, 3], "texture": "#996"},
				"down": {"uv": [4.5625, 11, 4.375, 11.0625], "texture": "#996"}
			}
		},
		{
			"name": "front",
			"from": [16, 5, -7],
			"to": [16.5, 7, -6.5],
			"rotation": {"angle": 45, "axis": "x", "origin": [8, 8, 7]},
			"faces": {
				"north": {"uv": [10, 10.75, 10.0625, 11], "texture": "#996"},
				"east": {"uv": [10.375, 10.75, 10.4375, 11], "texture": "#996"},
				"south": {"uv": [10.5, 10.75, 10.5625, 11], "texture": "#996"},
				"west": {"uv": [10.625, 10.75, 10.6875, 11], "texture": "#996"},
				"up": {"uv": [4.1875, 11.1875, 4.125, 11.125], "texture": "#996"},
				"down": {"uv": [11.1875, 4.125, 11.125, 4.1875], "texture": "#996"}
			}
		},
		{
			"name": "front",
			"from": [-0.25, 13, -5.25],
			"to": [1, 16, -4.75],
			"rotation": {"angle": 0, "axis": "y", "origin": [-7.5, 8, 7]},
			"faces": {
				"north": {"uv": [9.5, 8.875, 9.6875, 9.25], "texture": "#996"},
				"east": {"uv": [3.75, 10.75, 3.8125, 11.125], "texture": "#996"},
				"south": {"uv": [9.5, 9.25, 9.6875, 9.625], "texture": "#996"},
				"west": {"uv": [3.875, 10.75, 3.9375, 11.125], "texture": "#996"},
				"up": {"uv": [5.4375, 11.0625, 5.25, 11], "texture": "#996"},
				"down": {"uv": [11.1875, 5.375, 11, 5.4375], "texture": "#996"}
			}
		},
		{
			"name": "front",
			"from": [0.5, 5, -7],
			"to": [1, 7, -6.5],
			"rotation": {"angle": 45, "axis": "x", "origin": [-7.5, 8, 7]},
			"faces": {
				"north": {"uv": [10.75, 10.625, 10.8125, 10.875], "texture": "#996"},
				"east": {"uv": [0, 10.875, 0.0625, 11.125], "texture": "#996"},
				"south": {"uv": [0.125, 10.875, 0.1875, 11.125], "texture": "#996"},
				"west": {"uv": [10.875, 0.375, 10.9375, 0.625], "texture": "#996"},
				"up": {"uv": [4.3125, 11.1875, 4.25, 11.125], "texture": "#996"},
				"down": {"uv": [11.1875, 4.25, 11.125, 4.3125], "texture": "#996"}
			}
		},
		{
			"name": "frontglas",
			"from": [1, 9, -4],
			"to": [16, 16.5, -3],
			"rotation": {"angle": 0, "axis": "y", "origin": [8, 8, 7]},
			"faces": {
				"north": {"uv": [3.75, 2, 5.625, 2.9375], "texture": "#996"},
				"east": {"uv": [6, 9, 6.125, 9.9375], "texture": "#996"},
				"south": {"uv": [3.75, 3, 5.625, 3.9375], "texture": "#996"},
				"west": {"uv": [6.125, 9, 6.25, 9.9375], "texture": "#996"},
				"up": {"uv": [9.75, 4.25, 7.875, 4.125], "texture": "#996"},
				"down": {"uv": [9.75, 4.25, 7.875, 4.375], "texture": "#996"}
			}
		},
		{
			"name": "frontg",
			"from": [1, 16.5, -3.5],
			"to": [16, 19, -3.5],
			"rotation": {"angle": 0, "axis": "y", "origin": [8, 8, 7]},
			"faces": {
				"north": {"uv": [7.25, 1.75, 9.125, 2.0625], "texture": "#996"},
				"east": {"uv": [0, 0, 0, 0.3125], "texture": "#996"},
				"south": {"uv": [7.25, 2.125, 9.125, 2.4375], "texture": "#996"},
				"west": {"uv": [0, 0, 0, 0.3125], "texture": "#996"},
				"up": {"uv": [1.875, 0, 0, 0], "texture": "#996"},
				"down": {"uv": [1.875, 0, 0, 0], "texture": "#996"}
			}
		},
		{
			"name": "front",
			"from": [1, 7, -4.4],
			"to": [16, 8.5, -3.9],
			"rotation": {"angle": 0, "axis": "y", "origin": [8, 8, 7]},
			"faces": {
				"north": {"uv": [7.75, 7.75, 9.625, 7.9375], "texture": "#996"},
				"east": {"uv": [2.875, 11, 2.9375, 11.1875], "texture": "#996"},
				"south": {"uv": [7.875, 3.5, 9.75, 3.6875], "texture": "#996"},
				"west": {"uv": [6, 11, 6.0625, 11.1875], "texture": "#996"},
				"up": {"uv": [10.75, 4.6875, 8.875, 4.625], "texture": "#996"},
				"down": {"uv": [10.75, 4.75, 8.875, 4.8125], "texture": "#996"}
			}
		},
		{
			"name": "frontligh",
			"from": [13.8, 4.5, -4.6],
			"to": [15.8, 6, -4.1],
			"rotation": {"angle": 0, "axis": "y", "origin": [0, 0, 1]},
			"faces": {
				"north": {"uv": [10, 8.5, 10.25, 8.6875], "texture": "#996"},
				"east": {"uv": [6.125, 11, 6.1875, 11.1875], "texture": "#996"},
				"south": {"uv": [10.125, 1, 10.375, 1.1875], "texture": "#996"},
				"west": {"uv": [6.375, 11, 6.4375, 11.1875], "texture": "#996"},
				"up": {"uv": [0.75, 10.9375, 0.5, 10.875], "texture": "#996"},
				"down": {"uv": [1.375, 10.875, 1.125, 10.9375], "texture": "#996"}
			}
		},
		{
			"name": "frontligh",
			"from": [1.2, 4.5, -4.6],
			"to": [3.2, 6, -4.1],
			"rotation": {"angle": 0, "axis": "y", "origin": [1, 0, 1]},
			"faces": {
				"north": {"uv": [10.125, 7.75, 10.375, 7.9375], "texture": "#996"},
				"east": {"uv": [6.5, 11, 6.5625, 11.1875], "texture": "#996"},
				"south": {"uv": [10.125, 8, 10.375, 8.1875], "texture": "#996"},
				"west": {"uv": [6.75, 11, 6.8125, 11.1875], "texture": "#996"},
				"up": {"uv": [11.125, 1.3125, 10.875, 1.25], "texture": "#996"},
				"down": {"uv": [11.125, 1.375, 10.875, 1.4375], "texture": "#996"}
			}
		},
		{
			"name": "back",
			"from": [5.9, 2.25, -4.9],
			"to": [10.9, 4.25, -4.4],
			"rotation": {"angle": 0, "axis": "y", "origin": [0, 0, -1]},
			"faces": {
				"north": {"uv": [6.375, 3.5, 7, 3.75], "texture": "#996"},
				"east": {"uv": [10.875, 1.5, 10.9375, 1.75], "texture": "#996"},
				"south": {"uv": [0.5, 8.5, 1.125, 8.75], "texture": "#996"},
				"west": {"uv": [10.875, 1.75, 10.9375, 2], "texture": "#996"},
				"up": {"uv": [11.125, 3.6875, 10.5, 3.625], "texture": "#996"},
				"down": {"uv": [11.125, 4.125, 10.5, 4.1875], "texture": "#996"}
			}
		},
		{
			"name": "roof",
			"from": [1, 18.5, -3],
			"to": [16, 19.5, 20.95],
			"rotation": {"angle": 0, "axis": "y", "origin": [0, 0, -1]},
			"faces": {
				"north": {"uv": [8, 0.75, 9.875, 0.875], "texture": "#996"},
				"east": {"uv": [7.75, 7.25, 10.75, 7.375], "texture": "#996"},
				"south": {"uv": [8, 6.25, 9.875, 6.375], "texture": "#996"},
				"west": {"uv": [7.75, 7.375, 10.75, 7.5], "texture": "#996"},
				"up": {"uv": [1.875, 6.25, 0, 3.25], "texture": "#996"},
				"down": {"uv": [3.75, 3.25, 1.875, 6.25], "texture": "#996"}
			}
		},
		{
			"name": "seat",
			"from": [2, 4, 0],
			"to": [6, 7, 3],
			"rotation": {"angle": 0, "axis": "y", "origin": [0, 0, -1]},
			"faces": {
				"north": {"uv": [5.75, 1.5, 6.25, 1.875], "texture": "#996"},
				"east": {"uv": [4.75, 8.625, 5.125, 9], "texture": "#996"},
				"south": {"uv": [5.75, 8.25, 6.25, 8.625], "texture": "#996"},
				"west": {"uv": [5.125, 8.625, 5.5, 9], "texture": "#996"},
				"up": {"uv": [7.25, 8.625, 6.75, 8.25], "texture": "#996"},
				"down": {"uv": [2.375, 8.375, 1.875, 8.75], "texture": "#996"}
			}
		},
		{
			"name": "seat",
			"from": [11, 7, 1.5],
			"to": [13.5, 10.5, 2.5],
			"rotation": {"angle": -22.5, "axis": "x", "origin": [0, 0, -1]},
			"faces": {
				"north": {"uv": [1.875, 8.75, 2.1875, 9.1875], "texture": "#996"},
				"east": {"uv": [10, 0.75, 10.125, 1.1875], "texture": "#996"},
				"south": {"uv": [2.25, 8.75, 2.5625, 9.1875], "texture": "#996"},
				"west": {"uv": [10, 1.75, 10.125, 2.1875], "texture": "#996"},
				"up": {"uv": [10.8125, 4.375, 10.5, 4.25], "texture": "#996"},
				"down": {"uv": [10.8125, 6.75, 10.5, 6.875], "texture": "#996"}
			}
		},
		{
			"name": "seat",
			"from": [11.25, 8.5, 2.35],
			"to": [13.25, 10, 2.6],
			"rotation": {"angle": -22.5, "axis": "x", "origin": [0, 0, -1]},
			"faces": {
				"north": {"uv": [10.25, 3.5, 10.5, 3.6875], "texture": "#996"},
				"east": {"uv": [6.875, 11, 6.9375, 11.1875], "texture": "#996"},
				"south": {"uv": [10.25, 4.125, 10.5, 4.3125], "texture": "#996"},
				"west": {"uv": [7.125, 11, 7.1875, 11.1875], "texture": "#996"},
				"up": {"uv": [11.125, 2.3125, 10.875, 2.25], "texture": "#996"},
				"down": {"uv": [11.125, 2.375, 10.875, 2.4375], "texture": "#996"}
			}
		},
		{
			"name": "seat",
			"from": [11.25, 7.5, 2.35],
			"to": [11.75, 7.75, 2.6],
			"rotation": {"angle": -22.5, "axis": "x", "origin": [0, 0, -1]},
			"faces": {
				"north": {"uv": [4.375, 11.125, 4.4375, 11.1875], "texture": "#996"},
				"east": {"uv": [11.125, 4.375, 11.1875, 4.4375], "texture": "#996"},
				"south": {"uv": [4.5, 11.125, 4.5625, 11.1875], "texture": "#996"},
				"west": {"uv": [11.125, 4.5, 11.1875, 4.5625], "texture": "#996"},
				"up": {"uv": [4.6875, 11.1875, 4.625, 11.125], "texture": "#996"},
				"down": {"uv": [11.1875, 4.625, 11.125, 4.6875], "texture": "#996"}
			}
		},
		{
			"name": "seat",
			"from": [12.25, 7.75, 2.35],
			"to": [12.5, 8, 2.6],
			"rotation": {"angle": -22.5, "axis": "x", "origin": [0, 0, -1]},
			"faces": {
				"north": {"uv": [4.75, 11.125, 4.8125, 11.1875], "texture": "#996"},
				"east": {"uv": [11.125, 4.75, 11.1875, 4.8125], "texture": "#996"},
				"south": {"uv": [4.875, 11.125, 4.9375, 11.1875], "texture": "#996"},
				"west": {"uv": [11.125, 4.875, 11.1875, 4.9375], "texture": "#996"},
				"up": {"uv": [5.0625, 11.1875, 5, 11.125], "texture": "#996"},
				"down": {"uv": [11.1875, 5, 11.125, 5.0625], "texture": "#996"}
			}
		},
		{
			"name": "seat",
			"from": [2, 6.5, 3],
			"to": [6, 11.5, 3.5],
			"rotation": {"angle": 0, "axis": "y", "origin": [0, 0, -1]},
			"faces": {
				"north": {"uv": [4.625, 6, 5.125, 6.625], "texture": "#996"},
				"east": {"uv": [1.375, 10.625, 1.4375, 11.25], "texture": "#996"},
				"south": {"uv": [6.75, 7.625, 7.25, 8.25], "texture": "#996"},
				"west": {"uv": [10.625, 1.5, 10.6875, 2.125], "texture": "#996"},
				"up": {"uv": [11.125, 4.4375, 10.625, 4.375], "texture": "#996"},
				"down": {"uv": [11.125, 4.5, 10.625, 4.5625], "texture": "#996"}
			}
		},
		{
			"name": "seat",
			"from": [1, 3, -4],
			"to": [15, 9, -1.5],
			"rotation": {"angle": 0, "axis": "y", "origin": [0, 0, -1]},
			"faces": {
				"north": {"uv": [5.75, 0, 7.5, 0.75], "texture": "#996"},
				"east": {"uv": [7.625, 8, 7.9375, 8.75], "texture": "#996"},
				"south": {"uv": [5.75, 0.75, 7.5, 1.5], "texture": "#996"},
				"west": {"uv": [8, 8, 8.3125, 8.75], "texture": "#996"},
				"up": {"uv": [9, 2.8125, 7.25, 2.5], "texture": "#996"},
				"down": {"uv": [9, 2.875, 7.25, 3.1875], "texture": "#996"}
			}
		},
		{
			"name": "seat",
			"from": [1, 6, 7.5],
			"to": [5, 7, 10.5],
			"rotation": {"angle": 0, "axis": "y", "origin": [0, 0, -1]},
			"faces": {
				"north": {"uv": [5.75, 1.875, 6.25, 2], "texture": "#996"},
				"east": {"uv": [10.125, 8.25, 10.5, 8.375], "texture": "#996"},
				"south": {"uv": [9.625, 7.75, 10.125, 7.875], "texture": "#996"},
				"west": {"uv": [10.25, 3, 10.625, 3.125], "texture": "#996"},
				"up": {"uv": [8.875, 5, 8.375, 4.625], "texture": "#996"},
				"down": {"uv": [8.875, 5.5, 8.375, 5.875], "texture": "#996"}
			}
		},
		{
			"name": "seat",
			"from": [1, 6, 10],
			"to": [5, 13, 10.5],
			"rotation": {"angle": 0, "axis": "y", "origin": [0, 0, -1]},
			"faces": {
				"north": {"uv": [7.25, 7, 7.75, 7.875], "texture": "#996"},
				"east": {"uv": [7.25, 10.125, 7.3125, 11], "texture": "#996"},
				"south": {"uv": [7.5, 0, 8, 0.875], "texture": "#996"},
				"west": {"uv": [7.375, 10.125, 7.4375, 11], "texture": "#996"},
				"up": {"uv": [5.375, 10.6875, 4.875, 10.625], "texture": "#996"},
				"down": {"uv": [11.125, 4.875, 10.625, 4.9375], "texture": "#996"}
			}
		},
		{
			"name": "seat",
			"from": [2, 13, 10],
			"to": [4, 14, 10.5],
			"rotation": {"angle": 0, "axis": "y", "origin": [0, 0, -1]},
			"faces": {
				"north": {"uv": [5.375, 10.625, 5.625, 10.75], "texture": "#996"},
				"east": {"uv": [1.5, 11.125, 1.5625, 11.25], "texture": "#996"},
				"south": {"uv": [10.625, 5.5, 10.875, 5.625], "texture": "#996"},
				"west": {"uv": [1.625, 11.125, 1.6875, 11.25], "texture": "#996"},
				"up": {"uv": [2.75, 10.9375, 2.5, 10.875], "texture": "#996"},
				"down": {"uv": [11.125, 2.5, 10.875, 2.5625], "texture": "#996"}
			}
		},
		{
			"name": "seat",
			"from": [2, 13, 14.5],
			"to": [4, 14, 15],
			"rotation": {"angle": 0, "axis": "y", "origin": [0, 0, -1]},
			"faces": {
				"north": {"uv": [10.625, 5.625, 10.875, 5.75], "texture": "#996"},
				"east": {"uv": [1.75, 11.125, 1.8125, 11.25], "texture": "#996"},
				"south": {"uv": [10.625, 5.75, 10.875, 5.875], "texture": "#996"},
				"west": {"uv": [11.125, 1.875, 11.1875, 2], "texture": "#996"},
				"up": {"uv": [11.125, 2.6875, 10.875, 2.625], "texture": "#996"},
				"down": {"uv": [3, 10.875, 2.75, 10.9375], "texture": "#996"}
			}
		},
		{
			"name": "seat",
			"from": [2, 13, 19.5],
			"to": [4, 14, 20],
			"rotation": {"angle": 0, "axis": "y", "origin": [0, 0, -1]},
			"faces": {
				"north": {"uv": [10.625, 5.875, 10.875, 6], "texture": "#996"},
				"east": {"uv": [11.125, 2, 11.1875, 2.125], "texture": "#996"},
				"south": {"uv": [10.625, 6, 10.875, 6.125], "texture": "#996"},
				"west": {"uv": [2.125, 11.125, 2.1875, 11.25], "texture": "#996"},
				"up": {"uv": [11.125, 2.8125, 10.875, 2.75], "texture": "#996"},
				"down": {"uv": [11.125, 3.125, 10.875, 3.1875], "texture": "#996"}
			}
		},
		{
			"name": "seat",
			"from": [13, 13, 10],
			"to": [15, 14, 10.5],
			"rotation": {"angle": 0, "axis": "y", "origin": [0, 0, -1]},
			"faces": {
				"north": {"uv": [10.625, 6.125, 10.875, 6.25], "texture": "#996"},
				"east": {"uv": [11.125, 2.125, 11.1875, 2.25], "texture": "#996"},
				"south": {"uv": [10.625, 6.375, 10.875, 6.5], "texture": "#996"},
				"west": {"uv": [2.25, 11.125, 2.3125, 11.25], "texture": "#996"},
				"up": {"uv": [11.125, 3.5625, 10.875, 3.5], "texture": "#996"},
				"down": {"uv": [11.125, 4.25, 10.875, 4.3125], "texture": "#996"}
			}
		},
		{
			"name": "seat",
			"from": [10, 13, 10],
			"to": [12, 14, 10.5],
			"rotation": {"angle": 0, "axis": "y", "origin": [0, 0, -1]},
			"faces": {
				"north": {"uv": [10.625, 6.5, 10.875, 6.625], "texture": "#996"},
				"east": {"uv": [11.125, 2.25, 11.1875, 2.375], "texture": "#996"},
				"south": {"uv": [10.625, 6.625, 10.875, 6.75], "texture": "#996"},
				"west": {"uv": [2.375, 11.125, 2.4375, 11.25], "texture": "#996"},
				"up": {"uv": [4.625, 10.9375, 4.375, 10.875], "texture": "#996"},
				"down": {"uv": [11.125, 5, 10.875, 5.0625], "texture": "#996"}
			}
		},
		{
			"name": "seat",
			"from": [1, 6, 12],
			"to": [5, 7, 15],
			"rotation": {"angle": 0, "axis": "y", "origin": [0, 0, -1]},
			"faces": {
				"north": {"uv": [9.625, 7.875, 10.125, 8], "texture": "#996"},
				"east": {"uv": [10.25, 4.375, 10.625, 4.5], "texture": "#996"},
				"south": {"uv": [9.625, 8, 10.125, 8.125], "texture": "#996"},
				"west": {"uv": [10.25, 4.5, 10.625, 4.625], "texture": "#996"},
				"up": {"uv": [8.875, 6.25, 8.375, 5.875], "texture": "#996"},
				"down": {"uv": [8.875, 8, 8.375, 8.375], "texture": "#996"}
			}
		},
		{
			"name": "seat",
			"from": [1, 6, 14.5],
			"to": [5, 13, 15],
			"rotation": {"angle": 0, "axis": "y", "origin": [0, 0, -1]},
			"faces": {
				"north": {"uv": [0, 7.625, 0.5, 8.5], "texture": "#996"},
				"east": {"uv": [10.125, 8.875, 10.1875, 9.75], "texture": "#996"},
				"south": {"uv": [0.5, 7.625, 1, 8.5], "texture": "#996"},
				"west": {"uv": [10.125, 9.75, 10.1875, 10.625], "texture": "#996"},
				"up": {"uv": [11.125, 6.9375, 10.625, 6.875], "texture": "#996"},
				"down": {"uv": [11.125, 7.5, 10.625, 7.5625], "texture": "#996"}
			}
		},
		{
			"name": "seat",
			"from": [1, 6, 17],
			"to": [5, 7, 20],
			"rotation": {"angle": 0, "axis": "y", "origin": [0, 0, -1]},
			"faces": {
				"north": {"uv": [9.625, 8.125, 10.125, 8.25], "texture": "#996"},
				"east": {"uv": [10.25, 6.125, 10.625, 6.25], "texture": "#996"},
				"south": {"uv": [9.625, 8.25, 10.125, 8.375], "texture": "#996"},
				"west": {"uv": [10.25, 6.875, 10.625, 7], "texture": "#996"},
				"up": {"uv": [8.875, 8.75, 8.375, 8.375], "texture": "#996"},
				"down": {"uv": [0.5, 8.5, 0, 8.875], "texture": "#996"}
			}
		},
		{
			"name": "seat",
			"from": [1, 6, 19.5],
			"to": [5, 13, 20],
			"rotation": {"angle": 0, "axis": "y", "origin": [0, 0, -1]},
			"faces": {
				"north": {"uv": [1, 7.625, 1.5, 8.5], "texture": "#996"},
				"east": {"uv": [1.5, 10.25, 1.5625, 11.125], "texture": "#996"},
				"south": {"uv": [4.375, 7.625, 4.875, 8.5], "texture": "#996"},
				"west": {"uv": [1.625, 10.25, 1.6875, 11.125], "texture": "#996"},
				"up": {"uv": [11.125, 7.6875, 10.625, 7.625], "texture": "#996"},
				"down": {"uv": [11.125, 7.75, 10.625, 7.8125], "texture": "#996"}
			}
		},
		{
			"name": "seat",
			"from": [9, 6, 10],
			"to": [16, 13, 10.5],
			"rotation": {"angle": 0, "axis": "y", "origin": [0, 0, -1]},
			"faces": {
				"north": {"uv": [6.75, 4.625, 7.625, 5.5], "texture": "#996"},
				"east": {"uv": [1.75, 10.25, 1.8125, 11.125], "texture": "#996"},
				"south": {"uv": [5.5, 6.75, 6.375, 7.625], "texture": "#996"},
				"west": {"uv": [10.25, 8.5, 10.3125, 9.375], "texture": "#996"},
				"up": {"uv": [10.75, 0.4375, 9.875, 0.375], "texture": "#996"},
				"down": {"uv": [10.75, 6.25, 9.875, 6.3125], "texture": "#996"}
			}
		},
		{
			"name": "seat",
			"from": [9, 6, 7.9],
			"to": [16, 7, 10.5],
			"rotation": {"angle": 0, "axis": "y", "origin": [0, 0, -1]},
			"faces": {
				"north": {"uv": [8.875, 6.125, 9.75, 6.25], "texture": "#996"},
				"east": {"uv": [10.5, 8.25, 10.8125, 8.375], "texture": "#996"},
				"south": {"uv": [8.875, 8.5, 9.75, 8.625], "texture": "#996"},
				"west": {"uv": [10.625, 0, 10.9375, 0.125], "texture": "#996"},
				"up": {"uv": [8.75, 4.0625, 7.875, 3.75], "texture": "#996"},
				"down": {"uv": [5.75, 7.875, 4.875, 8.1875], "texture": "#996"}
			}
		},
		{
			"name": "seat",
			"from": [10, 13, 19.5],
			"to": [12, 14, 20],
			"rotation": {"angle": 0, "axis": "y", "origin": [0, 0, -1]},
			"faces": {
				"north": {"uv": [10.625, 7.875, 10.875, 8], "texture": "#996"},
				"east": {"uv": [11.125, 2.375, 11.1875, 2.5], "texture": "#996"},
				"south": {"uv": [10.625, 8, 10.875, 8.125], "texture": "#996"},
				"west": {"uv": [2.5, 11.125, 2.5625, 11.25], "texture": "#996"},
				"up": {"uv": [11.125, 5.1875, 10.875, 5.125], "texture": "#996"},
				"down": {"uv": [5.5, 10.875, 5.25, 10.9375], "texture": "#996"}
			}
		},
		{
			"name": "seat",
			"from": [13, 13, 19.5],
			"to": [15, 14, 20],
			"rotation": {"angle": 0, "axis": "y", "origin": [0, 0, -1]},
			"faces": {
				"north": {"uv": [10.625, 8.375, 10.875, 8.5], "texture": "#996"},
				"east": {"uv": [11.125, 2.5, 11.1875, 2.625], "texture": "#996"},
				"south": {"uv": [10.625, 8.5, 10.875, 8.625], "texture": "#996"},
				"west": {"uv": [2.625, 11.125, 2.6875, 11.25], "texture": "#996"},
				"up": {"uv": [11.125, 5.5625, 10.875, 5.5], "texture": "#996"},
				"down": {"uv": [11.125, 5.625, 10.875, 5.6875], "texture": "#996"}
			}
		},
		{
			"name": "seat",
			"from": [9, 6, 17.4],
			"to": [16, 7, 20],
			"rotation": {"angle": 0, "axis": "y", "origin": [0, 0, -1]},
			"faces": {
				"north": {"uv": [8.875, 8.625, 9.75, 8.75], "texture": "#996"},
				"east": {"uv": [10.625, 0.125, 10.9375, 0.25], "texture": "#996"},
				"south": {"uv": [9, 0.875, 9.875, 1], "texture": "#996"},
				"west": {"uv": [2.125, 10.625, 2.4375, 10.75], "texture": "#996"},
				"up": {"uv": [6.625, 8.1875, 5.75, 7.875], "texture": "#996"},
				"down": {"uv": [8.875, 0, 8, 0.3125], "texture": "#996"}
			}
		},
		{
			"name": "seat",
			"from": [9, 6, 19.5],
			"to": [16, 13, 20],
			"rotation": {"angle": 0, "axis": "y", "origin": [0, 0, -1]},
			"faces": {
				"north": {"uv": [6.375, 6.75, 7.25, 7.625], "texture": "#996"},
				"east": {"uv": [10.25, 9.375, 10.3125, 10.25], "texture": "#996"},
				"south": {"uv": [7, 3.5, 7.875, 4.375], "texture": "#996"},
				"west": {"uv": [10.25, 10.25, 10.3125, 11.125], "texture": "#996"},
				"up": {"uv": [10.875, 5.0625, 10, 5], "texture": "#996"},
				"down": {"uv": [10.875, 5.125, 10, 5.1875], "texture": "#996"}
			}
		},
		{
			"name": "seat",
			"from": [10, 13, 14.75],
			"to": [12, 14, 15.25],
			"rotation": {"angle": 0, "axis": "y", "origin": [0, 0, -1]},
			"faces": {
				"north": {"uv": [10.625, 8.625, 10.875, 8.75], "texture": "#996"},
				"east": {"uv": [11.125, 2.625, 11.1875, 2.75], "texture": "#996"},
				"south": {"uv": [10.625, 8.75, 10.875, 8.875], "texture": "#996"},
				"west": {"uv": [2.75, 11.125, 2.8125, 11.25], "texture": "#996"},
				"up": {"uv": [11.125, 5.8125, 10.875, 5.75], "texture": "#996"},
				"down": {"uv": [11.125, 5.875, 10.875, 5.9375], "texture": "#996"}
			}
		},
		{
			"name": "seat",
			"from": [13, 13, 14.75],
			"to": [15, 14, 15.25],
			"rotation": {"angle": 0, "axis": "y", "origin": [0, 0, -1]},
			"faces": {
				"north": {"uv": [10.625, 8.875, 10.875, 9], "texture": "#996"},
				"east": {"uv": [11.125, 2.75, 11.1875, 2.875], "texture": "#996"},
				"south": {"uv": [10.625, 9, 10.875, 9.125], "texture": "#996"},
				"west": {"uv": [11.125, 2.875, 11.1875, 3], "texture": "#996"},
				"up": {"uv": [6.25, 10.9375, 6, 10.875], "texture": "#996"},
				"down": {"uv": [11.125, 6, 10.875, 6.0625], "texture": "#996"}
			}
		},
		{
			"name": "seat",
			"from": [9, 6, 12.65],
			"to": [16, 7, 15.25],
			"rotation": {"angle": 0, "axis": "y", "origin": [0, 0, -1]},
			"faces": {
				"north": {"uv": [9, 1, 9.875, 1.125], "texture": "#996"},
				"east": {"uv": [10.625, 2.125, 10.9375, 2.25], "texture": "#996"},
				"south": {"uv": [9, 1.125, 9.875, 1.25], "texture": "#996"},
				"west": {"uv": [10.625, 3, 10.9375, 3.125], "texture": "#996"},
				"up": {"uv": [8.875, 0.6875, 8, 0.375], "texture": "#996"},
				"down": {"uv": [2.75, 8, 1.875, 8.3125], "texture": "#996"}
			}
		},
		{
			"name": "seat",
			"from": [9, 6, 14.75],
			"to": [16, 13, 15.25],
			"rotation": {"angle": 0, "axis": "y", "origin": [0, 0, -1]},
			"faces": {
				"north": {"uv": [3.5, 7.125, 4.375, 8], "texture": "#996"},
				"east": {"uv": [1.875, 10.375, 1.9375, 11.25], "texture": "#996"},
				"south": {"uv": [7.125, 5.5, 8, 6.375], "texture": "#996"},
				"west": {"uv": [2, 10.375, 2.0625, 11.25], "texture": "#996"},
				"up": {"uv": [11, 0.8125, 10.125, 0.75], "texture": "#996"},
				"down": {"uv": [11, 0.875, 10.125, 0.9375], "texture": "#996"}
			}
		},
		{
			"name": "seat",
			"from": [13, 4, 5],
			"to": [13.5, 19, 5.5],
			"rotation": {"angle": 0, "axis": "y", "origin": [0, 0, -1]},
			"faces": {
				"north": {"uv": [6.25, 9, 6.3125, 10.875], "texture": "#996"},
				"east": {"uv": [6.375, 9, 6.4375, 10.875], "texture": "#996"},
				"south": {"uv": [6.75, 9, 6.8125, 10.875], "texture": "#996"},
				"west": {"uv": [6.875, 9, 6.9375, 10.875], "texture": "#996"},
				"up": {"uv": [5.1875, 11.1875, 5.125, 11.125], "texture": "#996"},
				"down": {"uv": [11.1875, 5.125, 11.125, 5.1875], "texture": "#996"}
			}
		},
		{
			"name": "seat",
			"from": [4.5, 16.5, 5],
			"to": [5, 18.5, 5.5],
			"rotation": {"angle": 0, "axis": "y", "origin": [0, 0, -1]},
			"faces": {
				"north": {"uv": [3, 10.875, 3.0625, 11.125], "texture": "#996"},
				"east": {"uv": [4.625, 10.875, 4.6875, 11.125], "texture": "#996"},
				"south": {"uv": [5.5, 10.875, 5.5625, 11.125], "texture": "#996"},
				"west": {"uv": [6.25, 10.875, 6.3125, 11.125], "texture": "#996"},
				"up": {"uv": [5.3125, 11.1875, 5.25, 11.125], "texture": "#996"},
				"down": {"uv": [11.1875, 5.25, 11.125, 5.3125], "texture": "#996"}
			}
		},
		{
			"name": "seat",
			"from": [5, 16, 5],
			"to": [13, 16.5, 5.5],
			"rotation": {"angle": 0, "axis": "y", "origin": [0, 0, -1]},
			"faces": {
				"north": {"uv": [9.75, 1.25, 10.75, 1.3125], "texture": "#996"},
				"east": {"uv": [5.375, 11.125, 5.4375, 11.1875], "texture": "#996"},
				"south": {"uv": [9.75, 1.375, 10.75, 1.4375], "texture": "#996"},
				"west": {"uv": [5.5, 11.125, 5.5625, 11.1875], "texture": "#996"},
				"up": {"uv": [10.75, 2.8125, 9.75, 2.75], "texture": "#996"},
				"down": {"uv": [10.75, 2.875, 9.75, 2.9375], "texture": "#996"}
			}
		},
		{
			"name": "wheel7",
			"from": [0.025, 0.615, 5.115],
			"to": [1.125, 3.515, 8.015],
			"rotation": {"angle": 0, "axis": "y", "origin": [-1.9, -2.53, 27.948]},
			"faces": {
				"north": {"uv": [10.375, 7.75, 10.5, 8.125], "texture": "#996"},
				"east": {"uv": [5.75, 8.625, 6.125, 9], "texture": "#996"},
				"south": {"uv": [9.375, 10.375, 9.5, 10.75], "texture": "#996"},
				"west": {"uv": [6.125, 8.625, 6.5, 9], "texture": "#996"},
				"up": {"uv": [10.5, 10.375, 10.375, 10], "texture": "#996"},
				"down": {"uv": [10.5, 10.375, 10.375, 10.75], "texture": "#996"}
			}
		},
		{
			"name": "wheel4",
			"from": [-0.25, 0.11, 3.905],
			"to": [1.95, 4.18, 5.005],
			"rotation": {"angle": 0, "axis": "y", "origin": [-1.9, -2.2, 27.97]},
			"faces": {
				"north": {"uv": [3.5, 6.25, 3.75, 6.75], "texture": "#996"},
				"east": {"uv": [6.25, 1.5, 6.375, 2], "texture": "#996"},
				"south": {"uv": [4.375, 7.125, 4.625, 7.625], "texture": "#996"},
				"west": {"uv": [9.875, 0.75, 10, 1.25], "texture": "#996"},
				"up": {"uv": [9.375, 10.75, 9.125, 10.625], "texture": "#996"},
				"down": {"uv": [10.875, 9.125, 10.625, 9.25], "texture": "#996"}
			}
		},
		{
			"name": "wheel5",
			"from": [-0.25, 3.18, 7.635],
			"to": [1.95, 3.51, 7.965],
			"rotation": {"angle": 0, "axis": "y", "origin": [-1.9, -25.3, 27.97]},
			"faces": {
				"north": {"uv": [10.875, 6.125, 11.125, 6.1875], "texture": "#996"},
				"east": {"uv": [11.125, 5.5, 11.1875, 5.5625], "texture": "#996"},
				"south": {"uv": [6.375, 10.875, 6.625, 10.9375], "texture": "#996"},
				"west": {"uv": [11.125, 5.625, 11.1875, 5.6875], "texture": "#996"},
				"up": {"uv": [11.125, 6.4375, 10.875, 6.375], "texture": "#996"},
				"down": {"uv": [11.125, 6.5, 10.875, 6.5625], "texture": "#996"}
			}
		},
		{
			"name": "wheel2",
			"from": [-0.25, -0.6, 4.455],
			"to": [1.95, 0.5, 8.635],
			"rotation": {"angle": 0, "axis": "y", "origin": [-1.9, -2.2, 27.948]},
			"faces": {
				"north": {"uv": [10.625, 9.25, 10.875, 9.375], "texture": "#996"},
				"east": {"uv": [9.75, 3, 10.25, 3.125], "texture": "#996"},
				"south": {"uv": [10.625, 9.375, 10.875, 9.5], "texture": "#996"},
				"west": {"uv": [9.75, 3.5, 10.25, 3.625], "texture": "#996"},
				"up": {"uv": [9.125, 6, 8.875, 5.5], "texture": "#996"},
				"down": {"uv": [9.125, 8, 8.875, 8.5], "texture": "#996"}
			}
		},
		{
			"name": "wheel3",
			"from": [14.25, -0.6, 4.955],
			"to": [16.45, 0.5, 9.135],
			"rotation": {"angle": 0, "axis": "y", "origin": [-1.9, -2.2, 27.948]},
			"faces": {
				"north": {"uv": [9.5, 10.625, 9.75, 10.75], "texture": "#996"},
				"east": {"uv": [9.75, 3.625, 10.25, 3.75], "texture": "#996"},
				"south": {"uv": [10.625, 9.5, 10.875, 9.625], "texture": "#996"},
				"west": {"uv": [9.75, 4.125, 10.25, 4.25], "texture": "#996"},
				"up": {"uv": [8.75, 9.375, 8.5, 8.875], "texture": "#996"},
				"down": {"uv": [9, 8.875, 8.75, 9.375], "texture": "#996"}
			}
		},
		{
			"name": "wheel4",
			"from": [-0.25, 0.4962, 5.1],
			"to": [1.95, 0.6414, 8],
			"rotation": {"angle": 0, "axis": "y", "origin": [-1.9, -2.5674, 27.948]},
			"faces": {
				"north": {"uv": [10.875, 6.625, 11.125, 6.6875], "texture": "#996"},
				"east": {"uv": [10.75, 0.625, 11.125, 0.6875], "texture": "#996"},
				"south": {"uv": [6.75, 10.875, 7, 10.9375], "texture": "#996"},
				"west": {"uv": [10.75, 2, 11.125, 2.0625], "texture": "#996"},
				"up": {"uv": [3.75, 7.125, 3.5, 6.75], "texture": "#996"},
				"down": {"uv": [0.5, 9.125, 0.25, 9.5], "texture": "#996"}
			}
		},
		{
			"name": "wheel6",
			"from": [-0.25, 1.21, 5.665],
			"to": [0.85, 2.97, 7.425],
			"rotation": {"angle": 0, "axis": "y", "origin": [-1.9, -2.5674, 27.948]},
			"faces": {
				"north": {"uv": [7, 5.5, 7.125, 5.75], "texture": "#996"},
				"east": {"uv": [9.75, 5, 10, 5.25], "texture": "#996"},
				"south": {"uv": [2.5, 10.625, 2.625, 10.875], "texture": "#996"},
				"west": {"uv": [9.75, 8.5, 10, 8.75], "texture": "#996"},
				"up": {"uv": [6.625, 10.875, 6.5, 10.625], "texture": "#996"},
				"down": {"uv": [7.25, 10.625, 7.125, 10.875], "texture": "#996"}
			}
		},
		{
			"name": "wheel3",
			"from": [-0.25, 3.5, 5.125],
			"to": [1.95, 3.6452, 8.025],
			"rotation": {"angle": 0, "axis": "y", "origin": [-1.9, -2.5674, 27.948]},
			"faces": {
				"north": {"uv": [10.875, 6.75, 11.125, 6.8125], "texture": "#996"},
				"east": {"uv": [10.75, 2.875, 11.125, 2.9375], "texture": "#996"},
				"south": {"uv": [10.875, 7, 11.125, 7.0625], "texture": "#996"},
				"west": {"uv": [4.375, 10.75, 4.75, 10.8125], "texture": "#996"},
				"up": {"uv": [0.75, 9.5, 0.5, 9.125], "texture": "#996"},
				"down": {"uv": [9.375, 5.5, 9.125, 5.875], "texture": "#996"}
			}
		},
		{
			"name": "wheel4",
			"from": [-0.25, 0.6414, 5.015],
			"to": [1.95, 3.5414, 5.115],
			"rotation": {"angle": 0, "axis": "y", "origin": [-1.9, -2.5674, 27.948]},
			"faces": {
				"north": {"uv": [9.125, 8, 9.375, 8.375], "texture": "#996"},
				"east": {"uv": [4, 10.75, 4.0625, 11.125], "texture": "#996"},
				"south": {"uv": [9.125, 8.875, 9.375, 9.25], "texture": "#996"},
				"west": {"uv": [4.125, 10.75, 4.1875, 11.125], "texture": "#996"},
				"up": {"uv": [11.125, 7.1875, 10.875, 7.125], "texture": "#996"},
				"down": {"uv": [11.125, 7.25, 10.875, 7.3125], "texture": "#996"}
			}
		},
		{
			"name": "wheel4",
			"from": [-0.25, 3.18, 5.125],
			"to": [1.95, 3.51, 5.455],
			"rotation": {"angle": 0, "axis": "y", "origin": [-1.9, -25.3, 27.97]},
			"faces": {
				"north": {"uv": [10.875, 7.375, 11.125, 7.4375], "texture": "#996"},
				"east": {"uv": [5.75, 11.125, 5.8125, 11.1875], "texture": "#996"},
				"south": {"uv": [7.625, 10.875, 7.875, 10.9375], "texture": "#996"},
				"west": {"uv": [11.125, 5.75, 11.1875, 5.8125], "texture": "#996"},
				"up": {"uv": [11.125, 7.9375, 10.875, 7.875], "texture": "#996"},
				"down": {"uv": [11.125, 8, 10.875, 8.0625], "texture": "#996"}
			}
		},
		{
			"name": "wheel3",
			"from": [-0.25, 3.6, 4.455],
			"to": [1.95, 4.7, 8.635],
			"rotation": {"angle": 0, "axis": "y", "origin": [-1.9, -2.2, 27.948]},
			"faces": {
				"north": {"uv": [10.625, 9.625, 10.875, 9.75], "texture": "#996"},
				"east": {"uv": [9.75, 4.25, 10.25, 4.375], "texture": "#996"},
				"south": {"uv": [10.625, 9.75, 10.875, 9.875], "texture": "#996"},
				"west": {"uv": [9.75, 6.125, 10.25, 6.25], "texture": "#996"},
				"up": {"uv": [9.25, 3, 9, 2.5], "texture": "#996"},
				"down": {"uv": [2.875, 9, 2.625, 9.5], "texture": "#996"}
			}
		},
		{
			"name": "wheel5",
			"from": [-0.25, 0.11, 8.085],
			"to": [1.95, 4.18, 9.185],
			"rotation": {"angle": 0, "axis": "y", "origin": [-1.9, -2.2, 27.97]},
			"faces": {
				"north": {"uv": [2.875, 9, 3.125, 9.5], "texture": "#996"},
				"east": {"uv": [9.875, 1.75, 10, 2.25], "texture": "#996"},
				"south": {"uv": [9, 3, 9.25, 3.5], "texture": "#996"},
				"west": {"uv": [1.875, 9.875, 2, 10.375], "texture": "#996"},
				"up": {"uv": [10.125, 10.75, 9.875, 10.625], "texture": "#996"},
				"down": {"uv": [10.875, 9.875, 10.625, 10], "texture": "#996"}
			}
		},
		{
			"name": "wheel5",
			"from": [-0.25, 0.6414, 7.965],
			"to": [1.95, 3.5414, 8.1102],
			"rotation": {"angle": 0, "axis": "y", "origin": [-1.9, -2.5674, 27.948]},
			"faces": {
				"north": {"uv": [1.875, 9.25, 2.125, 9.625], "texture": "#996"},
				"east": {"uv": [4.75, 10.75, 4.8125, 11.125], "texture": "#996"},
				"south": {"uv": [2.125, 9.25, 2.375, 9.625], "texture": "#996"},
				"west": {"uv": [4.875, 10.75, 4.9375, 11.125], "texture": "#996"},
				"up": {"uv": [11.125, 8.3125, 10.875, 8.25], "texture": "#996"},
				"down": {"uv": [11.125, 8.375, 10.875, 8.4375], "texture": "#996"}
			}
		},
		{
			"name": "wheel7",
			"from": [-0.36, 1.54, 5.995],
			"to": [0.74, 2.64, 7.095],
			"rotation": {"angle": 0, "axis": "y", "origin": [-1.9, -2.5674, 27.948]},
			"faces": {
				"north": {"uv": [7.125, 10.875, 7.25, 11], "texture": "#996"},
				"east": {"uv": [7.875, 10.875, 8, 11], "texture": "#996"},
				"south": {"uv": [10.875, 8.5, 11, 8.625], "texture": "#996"},
				"west": {"uv": [10.875, 8.625, 11, 8.75], "texture": "#996"},
				"up": {"uv": [11, 8.875, 10.875, 8.75], "texture": "#996"},
				"down": {"uv": [11, 8.875, 10.875, 9], "texture": "#996"}
			}
		},
		{
			"name": "wheel5",
			"from": [-0.25, 0.67, 5.125],
			"to": [1.95, 1, 5.455],
			"rotation": {"angle": 0, "axis": "y", "origin": [-1.9, -2.53, 27.97]},
			"faces": {
				"north": {"uv": [9, 10.875, 9.25, 10.9375], "texture": "#996"},
				"east": {"uv": [5.875, 11.125, 5.9375, 11.1875], "texture": "#996"},
				"south": {"uv": [10.875, 9, 11.125, 9.0625], "texture": "#996"},
				"west": {"uv": [11.125, 5.875, 11.1875, 5.9375], "texture": "#996"},
				"up": {"uv": [11.125, 9.1875, 10.875, 9.125], "texture": "#996"},
				"down": {"uv": [9.5, 10.875, 9.25, 10.9375], "texture": "#996"}
			}
		},
		{
			"name": "wheel6",
			"from": [-0.25, 0.67, 7.635],
			"to": [1.95, 1, 7.965],
			"rotation": {"angle": 0, "axis": "y", "origin": [-1.9, -2.53, 27.97]},
			"faces": {
				"north": {"uv": [10.875, 9.25, 11.125, 9.3125], "texture": "#996"},
				"east": {"uv": [11.125, 6, 11.1875, 6.0625], "texture": "#996"},
				"south": {"uv": [10.875, 9.375, 11.125, 9.4375], "texture": "#996"},
				"west": {"uv": [11.125, 6.125, 11.1875, 6.1875], "texture": "#996"},
				"up": {"uv": [11.125, 9.5625, 10.875, 9.5], "texture": "#996"},
				"down": {"uv": [11.125, 9.625, 10.875, 9.6875], "texture": "#996"}
			}
		},
		{
			"name": "wheel7",
			"from": [-0.36, 1.32, 5.775],
			"to": [-0.14, 1.54, 5.995],
			"rotation": {"angle": 0, "axis": "y", "origin": [-1.9, -2.5674, 27.948]},
			"faces": {
				"north": {"uv": [6.25, 11.125, 6.3125, 11.1875], "texture": "#996"},
				"east": {"uv": [11.125, 6.25, 11.1875, 6.3125], "texture": "#996"},
				"south": {"uv": [11.125, 6.375, 11.1875, 6.4375], "texture": "#996"},
				"west": {"uv": [11.125, 6.5, 11.1875, 6.5625], "texture": "#996"},
				"up": {"uv": [6.6875, 11.1875, 6.625, 11.125], "texture": "#996"},
				"down": {"uv": [11.1875, 6.625, 11.125, 6.6875], "texture": "#996"}
			}
		},
		{
			"name": "wheel8",
			"from": [-0.36, 1.32, 7.15],
			"to": [-0.14, 1.54, 7.37],
			"rotation": {"angle": 0, "axis": "y", "origin": [-1.9, -2.5674, 27.948]},
			"faces": {
				"north": {"uv": [11.125, 6.75, 11.1875, 6.8125], "texture": "#996"},
				"east": {"uv": [11.125, 6.875, 11.1875, 6.9375], "texture": "#996"},
				"south": {"uv": [7, 11.125, 7.0625, 11.1875], "texture": "#996"},
				"west": {"uv": [11.125, 7, 11.1875, 7.0625], "texture": "#996"},
				"up": {"uv": [11.1875, 7.1875, 11.125, 7.125], "texture": "#996"},
				"down": {"uv": [7.3125, 11.125, 7.25, 11.1875], "texture": "#996"}
			}
		},
		{
			"name": "wheel9",
			"from": [-0.36, 2.64, 7.15],
			"to": [-0.14, 2.86, 7.37],
			"rotation": {"angle": 0, "axis": "y", "origin": [-1.9, -2.5674, 27.948]},
			"faces": {
				"north": {"uv": [11.125, 7.25, 11.1875, 7.3125], "texture": "#996"},
				"east": {"uv": [7.375, 11.125, 7.4375, 11.1875], "texture": "#996"},
				"south": {"uv": [11.125, 7.375, 11.1875, 7.4375], "texture": "#996"},
				"west": {"uv": [7.5, 11.125, 7.5625, 11.1875], "texture": "#996"},
				"up": {"uv": [11.1875, 7.5625, 11.125, 7.5], "texture": "#996"},
				"down": {"uv": [7.6875, 11.125, 7.625, 11.1875], "texture": "#996"}
			}
		},
		{
			"name": "wheel10",
			"from": [-0.36, 2.64, 5.83],
			"to": [-0.14, 2.86, 6.05],
			"rotation": {"angle": 0, "axis": "y", "origin": [-1.9, -2.5674, 27.948]},
			"faces": {
				"north": {"uv": [11.125, 7.625, 11.1875, 7.6875], "texture": "#996"},
				"east": {"uv": [7.75, 11.125, 7.8125, 11.1875], "texture": "#996"},
				"south": {"uv": [11.125, 7.75, 11.1875, 7.8125], "texture": "#996"},
				"west": {"uv": [7.875, 11.125, 7.9375, 11.1875], "texture": "#996"},
				"up": {"uv": [11.1875, 7.9375, 11.125, 7.875], "texture": "#996"},
				"down": {"uv": [8.0625, 11.125, 8, 11.1875], "texture": "#996"}
			}
		},
		{
			"name": "wheel11",
			"from": [-0.36, 1.76, 5.72],
			"to": [-0.14, 1.98, 5.94],
			"rotation": {"angle": 0, "axis": "y", "origin": [-1.9, -2.5674, 27.948]},
			"faces": {
				"north": {"uv": [11.125, 8, 11.1875, 8.0625], "texture": "#996"},
				"east": {"uv": [8.125, 11.125, 8.1875, 11.1875], "texture": "#996"},
				"south": {"uv": [11.125, 8.125, 11.1875, 8.1875], "texture": "#996"},
				"west": {"uv": [8.25, 11.125, 8.3125, 11.1875], "texture": "#996"},
				"up": {"uv": [11.1875, 8.3125, 11.125, 8.25], "texture": "#996"},
				"down": {"uv": [8.4375, 11.125, 8.375, 11.1875], "texture": "#996"}
			}
		},
		{
			"name": "wheel12",
			"from": [-0.36, 2.2, 5.72],
			"to": [-0.14, 2.42, 5.94],
			"rotation": {"angle": 0, "axis": "y", "origin": [-1.9, -2.5674, 27.948]},
			"faces": {
				"north": {"uv": [11.125, 8.375, 11.1875, 8.4375], "texture": "#996"},
				"east": {"uv": [8.5, 11.125, 8.5625, 11.1875], "texture": "#996"},
				"south": {"uv": [11.125, 8.5, 11.1875, 8.5625], "texture": "#996"},
				"west": {"uv": [8.625, 11.125, 8.6875, 11.1875], "texture": "#996"},
				"up": {"uv": [11.1875, 8.6875, 11.125, 8.625], "texture": "#996"},
				"down": {"uv": [8.8125, 11.125, 8.75, 11.1875], "texture": "#996"}
			}
		},
		{
			"name": "wheel13",
			"from": [-0.36, 1.21, 6.71],
			"to": [-0.14, 1.43, 6.93],
			"rotation": {"angle": 0, "axis": "y", "origin": [-1.9, -2.5674, 27.948]},
			"faces": {
				"north": {"uv": [11.125, 8.75, 11.1875, 8.8125], "texture": "#996"},
				"east": {"uv": [8.875, 11.125, 8.9375, 11.1875], "texture": "#996"},
				"south": {"uv": [11.125, 8.875, 11.1875, 8.9375], "texture": "#996"},
				"west": {"uv": [9, 11.125, 9.0625, 11.1875], "texture": "#996"},
				"up": {"uv": [11.1875, 9.0625, 11.125, 9], "texture": "#996"},
				"down": {"uv": [9.1875, 11.125, 9.125, 11.1875], "texture": "#996"}
			}
		},
		{
			"name": "wheel14",
			"from": [-0.36, 1.21, 6.27],
			"to": [-0.14, 1.43, 6.49],
			"rotation": {"angle": 0, "axis": "y", "origin": [-1.9, -2.5674, 27.948]},
			"faces": {
				"north": {"uv": [11.125, 9.125, 11.1875, 9.1875], "texture": "#996"},
				"east": {"uv": [9.25, 11.125, 9.3125, 11.1875], "texture": "#996"},
				"south": {"uv": [11.125, 9.25, 11.1875, 9.3125], "texture": "#996"},
				"west": {"uv": [9.375, 11.125, 9.4375, 11.1875], "texture": "#996"},
				"up": {"uv": [11.1875, 9.4375, 11.125, 9.375], "texture": "#996"},
				"down": {"uv": [9.5625, 11.125, 9.5, 11.1875], "texture": "#996"}
			}
		},
		{
			"name": "wheel15",
			"from": [-0.36, 2.75, 6.27],
			"to": [-0.14, 2.97, 6.49],
			"rotation": {"angle": 0, "axis": "y", "origin": [-1.9, -2.5674, 27.948]},
			"faces": {
				"north": {"uv": [11.125, 9.5, 11.1875, 9.5625], "texture": "#996"},
				"east": {"uv": [9.625, 11.125, 9.6875, 11.1875], "texture": "#996"},
				"south": {"uv": [11.125, 9.625, 11.1875, 9.6875], "texture": "#996"},
				"west": {"uv": [9.75, 11.125, 9.8125, 11.1875], "texture": "#996"},
				"up": {"uv": [11.1875, 9.8125, 11.125, 9.75], "texture": "#996"},
				"down": {"uv": [9.9375, 11.125, 9.875, 11.1875], "texture": "#996"}
			}
		},
		{
			"name": "wheel14",
			"from": [-0.36, 2.75, 6.71],
			"to": [-0.14, 2.97, 6.93],
			"rotation": {"angle": 0, "axis": "y", "origin": [-1.9, -2.5674, 27.948]},
			"faces": {
				"north": {"uv": [11.125, 9.875, 11.1875, 9.9375], "texture": "#996"},
				"east": {"uv": [10, 11.125, 10.0625, 11.1875], "texture": "#996"},
				"south": {"uv": [11.125, 10, 11.1875, 10.0625], "texture": "#996"},
				"west": {"uv": [10.125, 11.125, 10.1875, 11.1875], "texture": "#996"},
				"up": {"uv": [11.1875, 10.1875, 11.125, 10.125], "texture": "#996"},
				"down": {"uv": [10.3125, 11.125, 10.25, 11.1875], "texture": "#996"}
			}
		},
		{
			"name": "wheel12",
			"from": [-0.36, 1.76, 7.26],
			"to": [-0.14, 1.98, 7.48],
			"rotation": {"angle": 0, "axis": "y", "origin": [-1.9, -2.5674, 27.948]},
			"faces": {
				"north": {"uv": [11.125, 10.25, 11.1875, 10.3125], "texture": "#996"},
				"east": {"uv": [10.375, 11.125, 10.4375, 11.1875], "texture": "#996"},
				"south": {"uv": [11.125, 10.375, 11.1875, 10.4375], "texture": "#996"},
				"west": {"uv": [10.5, 11.125, 10.5625, 11.1875], "texture": "#996"},
				"up": {"uv": [11.1875, 10.5625, 11.125, 10.5], "texture": "#996"},
				"down": {"uv": [10.6875, 11.125, 10.625, 11.1875], "texture": "#996"}
			}
		},
		{
			"name": "wheel13",
			"from": [-0.36, 2.2, 7.26],
			"to": [-0.14, 2.42, 7.48],
			"rotation": {"angle": 0, "axis": "y", "origin": [-1.9, -2.5674, 27.948]},
			"faces": {
				"north": {"uv": [11.125, 10.625, 11.1875, 10.6875], "texture": "#996"},
				"east": {"uv": [10.75, 11.125, 10.8125, 11.1875], "texture": "#996"},
				"south": {"uv": [11.125, 10.75, 11.1875, 10.8125], "texture": "#996"},
				"west": {"uv": [10.875, 11.125, 10.9375, 11.1875], "texture": "#996"},
				"up": {"uv": [11.1875, 10.9375, 11.125, 10.875], "texture": "#996"},
				"down": {"uv": [11.0625, 11.125, 11, 11.1875], "texture": "#996"}
			}
		},
		{
			"name": "wheel6",
			"from": [14.3, 0.11, 8.585],
			"to": [16.5, 4.18, 9.685],
			"rotation": {"angle": 0, "axis": "y", "origin": [17.9, -2.2, 27.97]},
			"faces": {
				"north": {"uv": [3.5, 9, 3.75, 9.5], "texture": "#996"},
				"east": {"uv": [2, 9.875, 2.125, 10.375], "texture": "#996"},
				"south": {"uv": [3.75, 9, 4, 9.5], "texture": "#996"},
				"west": {"uv": [3.375, 9.875, 3.5, 10.375], "texture": "#996"},
				"up": {"uv": [10.875, 10.125, 10.625, 10], "texture": "#996"},
				"down": {"uv": [10.875, 10.125, 10.625, 10.25], "texture": "#996"}
			}
		},
		{
			"name": "wheel4",
			"from": [14.3, 3.6, 4.955],
			"to": [16.5, 4.7, 9.135],
			"rotation": {"angle": 0, "axis": "y", "origin": [17.9, -2.2, 27.948]},
			"faces": {
				"north": {"uv": [10.625, 10.25, 10.875, 10.375], "texture": "#996"},
				"east": {"uv": [9.75, 6.875, 10.25, 7], "texture": "#996"},
				"south": {"uv": [10.625, 10.375, 10.875, 10.5], "texture": "#996"},
				"west": {"uv": [9.875, 0.25, 10.375, 0.375], "texture": "#996"},
				"up": {"uv": [5, 9.5, 4.75, 9], "texture": "#996"},
				"down": {"uv": [5.25, 9, 5, 9.5], "texture": "#996"}
			}
		},
		{
			"name": "wheel5",
			"from": [14.3, 0.11, 4.405],
			"to": [16.5, 4.18, 5.505],
			"rotation": {"angle": 0, "axis": "y", "origin": [17.9, -2.2, 27.97]},
			"faces": {
				"north": {"uv": [5.25, 9, 5.5, 9.5], "texture": "#996"},
				"east": {"uv": [5.75, 9.875, 5.875, 10.375], "texture": "#996"},
				"south": {"uv": [5.75, 9, 6, 9.5], "texture": "#996"},
				"west": {"uv": [5.875, 9.875, 6, 10.375], "texture": "#996"},
				"up": {"uv": [10.75, 10.75, 10.5, 10.625], "texture": "#996"},
				"down": {"uv": [10.875, 10.5, 10.625, 10.625], "texture": "#996"}
			}
		},
		{
			"name": "wheel5",
			"from": [14.3, 3.18, 5.625],
			"to": [16.5, 3.51, 5.955],
			"rotation": {"angle": 0, "axis": "y", "origin": [17.9, -25.3, 27.97]},
			"faces": {
				"north": {"uv": [9.75, 10.875, 10, 10.9375], "texture": "#996"},
				"east": {"uv": [11.125, 11, 11.1875, 11.0625], "texture": "#996"},
				"south": {"uv": [10.875, 9.75, 11.125, 9.8125], "texture": "#996"},
				"west": {"uv": [11.125, 11.125, 11.1875, 11.1875], "texture": "#996"},
				"up": {"uv": [11.125, 9.9375, 10.875, 9.875], "texture": "#996"},
				"down": {"uv": [11.125, 10, 10.875, 10.0625], "texture": "#996"}
			}
		},
		{
			"name": "wheel6",
			"from": [14.3, 3.18, 8.135],
			"to": [16.5, 3.51, 8.465],
			"rotation": {"angle": 0, "axis": "y", "origin": [17.9, -25.3, 27.97]},
			"faces": {
				"north": {"uv": [10.875, 10.125, 11.125, 10.1875], "texture": "#996"},
				"east": {"uv": [0, 11.25, 0.0625, 11.3125], "texture": "#996"},
				"south": {"uv": [10.875, 10.25, 11.125, 10.3125], "texture": "#996"},
				"west": {"uv": [11.25, 0, 11.3125, 0.0625], "texture": "#996"},
				"up": {"uv": [11.125, 10.4375, 10.875, 10.375], "texture": "#996"},
				"down": {"uv": [11.125, 10.5, 10.875, 10.5625], "texture": "#996"}
			}
		},
		{
			"name": "wheel4",
			"from": [14.3, 3.5, 5.625],
			"to": [16.5, 3.6452, 8.525],
			"rotation": {"angle": 0, "axis": "y", "origin": [17.9, -2.5674, 27.948]},
			"faces": {
				"north": {"uv": [10.875, 10.625, 11.125, 10.6875], "texture": "#996"},
				"east": {"uv": [10.75, 4.625, 11.125, 4.6875], "texture": "#996"},
				"south": {"uv": [10.75, 10.875, 11, 10.9375], "texture": "#996"},
				"west": {"uv": [10.75, 4.75, 11.125, 4.8125], "texture": "#996"},
				"up": {"uv": [2.625, 9.625, 2.375, 9.25], "texture": "#996"},
				"down": {"uv": [9.5, 2.5, 9.25, 2.875], "texture": "#996"}
			}
		},
		{
			"name": "wheel6",
			"from": [14.3, 0.6414, 8.465],
			"to": [16.5, 3.5414, 8.6102],
			"rotation": {"angle": 0, "axis": "y", "origin": [17.9, -2.5674, 27.948]},
			"faces": {
				"north": {"uv": [9.25, 2.875, 9.5, 3.25], "texture": "#996"},
				"east": {"uv": [5, 10.75, 5.0625, 11.125], "texture": "#996"},
				"south": {"uv": [9.125, 9.25, 9.375, 9.625], "texture": "#996"},
				"west": {"uv": [5.125, 10.75, 5.1875, 11.125], "texture": "#996"},
				"up": {"uv": [11.125, 10.8125, 10.875, 10.75], "texture": "#996"},
				"down": {"uv": [11.25, 0, 11, 0.0625], "texture": "#996"}
			}
		},
		{
			"name": "wheel7",
			"from": [14.3, 0.67, 8.135],
			"to": [16.5, 1, 8.465],
			"rotation": {"angle": 0, "axis": "y", "origin": [17.9, -2.53, 27.97]},
			"faces": {
				"north": {"uv": [11, 0.125, 11.25, 0.1875], "texture": "#996"},
				"east": {"uv": [0.125, 11.25, 0.1875, 11.3125], "texture": "#996"},
				"south": {"uv": [0.25, 11, 0.5, 11.0625], "texture": "#996"},
				"west": {"uv": [11.25, 0.125, 11.3125, 0.1875], "texture": "#996"},
				"up": {"uv": [11.25, 0.4375, 11, 0.375], "texture": "#996"},
				"down": {"uv": [0.75, 11, 0.5, 11.0625], "texture": "#996"}
			}
		},
		{
			"name": "wheel5",
			"from": [14.3, 0.4962, 5.6],
			"to": [16.5, 0.6414, 8.5],
			"rotation": {"angle": 0, "axis": "y", "origin": [17.9, -2.5674, 27.948]},
			"faces": {
				"north": {"uv": [11, 0.5, 11.25, 0.5625], "texture": "#996"},
				"east": {"uv": [5.25, 10.75, 5.625, 10.8125], "texture": "#996"},
				"south": {"uv": [11, 0.75, 11.25, 0.8125], "texture": "#996"},
				"west": {"uv": [10.75, 5.25, 11.125, 5.3125], "texture": "#996"},
				"up": {"uv": [9.625, 5.875, 9.375, 5.5], "texture": "#996"},
				"down": {"uv": [9.625, 8, 9.375, 8.375], "texture": "#996"}
			}
		},
		{
			"name": "wheel6",
			"from": [14.3, 0.67, 5.625],
			"to": [16.5, 1, 5.955],
			"rotation": {"angle": 0, "axis": "y", "origin": [17.9, -2.53, 27.97]},
			"faces": {
				"north": {"uv": [0.875, 11, 1.125, 11.0625], "texture": "#996"},
				"east": {"uv": [0.25, 11.25, 0.3125, 11.3125], "texture": "#996"},
				"south": {"uv": [11, 0.875, 11.25, 0.9375], "texture": "#996"},
				"west": {"uv": [11.25, 0.25, 11.3125, 0.3125], "texture": "#996"},
				"up": {"uv": [1.375, 11.0625, 1.125, 11], "texture": "#996"},
				"down": {"uv": [11.25, 1.5, 11, 1.5625], "texture": "#996"}
			}
		},
		{
			"name": "wheel5",
			"from": [14.3, 0.6414, 5.515],
			"to": [16.5, 3.5414, 5.615],
			"rotation": {"angle": 0, "axis": "y", "origin": [17.9, -2.5674, 27.948]},
			"faces": {
				"north": {"uv": [8.5, 9.375, 8.75, 9.75], "texture": "#996"},
				"east": {"uv": [6.625, 10.75, 6.6875, 11.125], "texture": "#996"},
				"south": {"uv": [8.75, 9.375, 9, 9.75], "texture": "#996"},
				"west": {"uv": [7, 10.75, 7.0625, 11.125], "texture": "#996"},
				"up": {"uv": [11.25, 1.6875, 11, 1.625], "texture": "#996"},
				"down": {"uv": [11.25, 1.75, 11, 1.8125], "texture": "#996"}
			}
		},
		{
			"name": "wheel8",
			"from": [15.125, 0.615, 5.615],
			"to": [16.225, 3.515, 8.515],
			"rotation": {"angle": 0, "axis": "y", "origin": [17.9, -2.53, 27.948]},
			"faces": {
				"north": {"uv": [10.5, 1.5, 10.625, 1.875], "texture": "#996"},
				"east": {"uv": [6.75, 8.625, 7.125, 9], "texture": "#996"},
				"south": {"uv": [10.5, 1.875, 10.625, 2.25], "texture": "#996"},
				"west": {"uv": [0.5, 8.75, 0.875, 9.125], "texture": "#996"},
				"up": {"uv": [10.625, 6.75, 10.5, 6.375], "texture": "#996"},
				"down": {"uv": [10.625, 7.75, 10.5, 8.125], "texture": "#996"}
			}
		},
		{
			"name": "wheel13",
			"from": [16.39, 2.2, 6.22],
			"to": [16.61, 2.42, 6.44],
			"rotation": {"angle": 0, "axis": "y", "origin": [17.9, -2.5674, 27.948]},
			"faces": {
				"north": {"uv": [0.375, 11.25, 0.4375, 11.3125], "texture": "#996"},
				"east": {"uv": [11.25, 0.375, 11.3125, 0.4375], "texture": "#996"},
				"south": {"uv": [0.5, 11.25, 0.5625, 11.3125], "texture": "#996"},
				"west": {"uv": [11.25, 0.5, 11.3125, 0.5625], "texture": "#996"},
				"up": {"uv": [0.6875, 11.3125, 0.625, 11.25], "texture": "#996"},
				"down": {"uv": [11.3125, 0.625, 11.25, 0.6875], "texture": "#996"}
			}
		},
		{
			"name": "wheel8",
			"from": [15.51, 1.54, 6.495],
			"to": [16.61, 2.64, 7.595],
			"rotation": {"angle": 0, "axis": "y", "origin": [17.9, -2.5674, 27.948]},
			"faces": {
				"north": {"uv": [10.125, 10.875, 10.25, 11], "texture": "#996"},
				"east": {"uv": [11, 1.875, 11.125, 2], "texture": "#996"},
				"south": {"uv": [11, 2.125, 11.125, 2.25], "texture": "#996"},
				"west": {"uv": [2.5, 11, 2.625, 11.125], "texture": "#996"},
				"up": {"uv": [2.75, 11.125, 2.625, 11], "texture": "#996"},
				"down": {"uv": [2.875, 11, 2.75, 11.125], "texture": "#996"}
			}
		},
		{
			"name": "wheel11",
			"from": [16.39, 2.64, 6.33],
			"to": [16.61, 2.86, 6.55],
			"rotation": {"angle": 0, "axis": "y", "origin": [17.9, -2.5674, 27.948]},
			"faces": {
				"north": {"uv": [0.75, 11.25, 0.8125, 11.3125], "texture": "#996"},
				"east": {"uv": [11.25, 0.75, 11.3125, 0.8125], "texture": "#996"},
				"south": {"uv": [0.875, 11.25, 0.9375, 11.3125], "texture": "#996"},
				"west": {"uv": [11.25, 0.875, 11.3125, 0.9375], "texture": "#996"},
				"up": {"uv": [1.0625, 11.3125, 1, 11.25], "texture": "#996"},
				"down": {"uv": [11.3125, 1, 11.25, 1.0625], "texture": "#996"}
			}
		},
		{
			"name": "wheel16",
			"from": [16.39, 2.75, 6.77],
			"to": [16.61, 2.97, 6.99],
			"rotation": {"angle": 0, "axis": "y", "origin": [17.9, -2.5674, 27.948]},
			"faces": {
				"north": {"uv": [1.125, 11.25, 1.1875, 11.3125], "texture": "#996"},
				"east": {"uv": [11.25, 1.125, 11.3125, 1.1875], "texture": "#996"},
				"south": {"uv": [1.25, 11.25, 1.3125, 11.3125], "texture": "#996"},
				"west": {"uv": [11.25, 1.25, 11.3125, 1.3125], "texture": "#996"},
				"up": {"uv": [1.4375, 11.3125, 1.375, 11.25], "texture": "#996"},
				"down": {"uv": [11.3125, 1.375, 11.25, 1.4375], "texture": "#996"}
			}
		},
		{
			"name": "wheel15",
			"from": [16.39, 2.75, 7.21],
			"to": [16.61, 2.97, 7.43],
			"rotation": {"angle": 0, "axis": "y", "origin": [17.9, -2.5674, 27.948]},
			"faces": {
				"north": {"uv": [1.5, 11.25, 1.5625, 11.3125], "texture": "#996"},
				"east": {"uv": [11.25, 1.5, 11.3125, 1.5625], "texture": "#996"},
				"south": {"uv": [1.625, 11.25, 1.6875, 11.3125], "texture": "#996"},
				"west": {"uv": [11.25, 1.625, 11.3125, 1.6875], "texture": "#996"},
				"up": {"uv": [1.8125, 11.3125, 1.75, 11.25], "texture": "#996"},
				"down": {"uv": [11.3125, 1.75, 11.25, 1.8125], "texture": "#996"}
			}
		},
		{
			"name": "wheel10",
			"from": [16.39, 2.64, 7.65],
			"to": [16.61, 2.86, 7.87],
			"rotation": {"angle": 0, "axis": "y", "origin": [17.9, -2.5674, 27.948]},
			"faces": {
				"north": {"uv": [1.875, 11.25, 1.9375, 11.3125], "texture": "#996"},
				"east": {"uv": [11.25, 1.875, 11.3125, 1.9375], "texture": "#996"},
				"south": {"uv": [2, 11.25, 2.0625, 11.3125], "texture": "#996"},
				"west": {"uv": [11.25, 2, 11.3125, 2.0625], "texture": "#996"},
				"up": {"uv": [2.1875, 11.3125, 2.125, 11.25], "texture": "#996"},
				"down": {"uv": [11.3125, 2.125, 11.25, 2.1875], "texture": "#996"}
			}
		},
		{
			"name": "wheel14",
			"from": [16.39, 2.2, 7.76],
			"to": [16.61, 2.42, 7.98],
			"rotation": {"angle": 0, "axis": "y", "origin": [17.9, -2.5674, 27.948]},
			"faces": {
				"north": {"uv": [2.25, 11.25, 2.3125, 11.3125], "texture": "#996"},
				"east": {"uv": [11.25, 2.25, 11.3125, 2.3125], "texture": "#996"},
				"south": {"uv": [2.375, 11.25, 2.4375, 11.3125], "texture": "#996"},
				"west": {"uv": [11.25, 2.375, 11.3125, 2.4375], "texture": "#996"},
				"up": {"uv": [2.5625, 11.3125, 2.5, 11.25], "texture": "#996"},
				"down": {"uv": [11.3125, 2.5, 11.25, 2.5625], "texture": "#996"}
			}
		},
		{
			"name": "wheel13",
			"from": [16.39, 1.76, 7.76],
			"to": [16.61, 1.98, 7.98],
			"rotation": {"angle": 0, "axis": "y", "origin": [17.9, -2.5674, 27.948]},
			"faces": {
				"north": {"uv": [2.625, 11.25, 2.6875, 11.3125], "texture": "#996"},
				"east": {"uv": [11.25, 2.625, 11.3125, 2.6875], "texture": "#996"},
				"south": {"uv": [2.75, 11.25, 2.8125, 11.3125], "texture": "#996"},
				"west": {"uv": [11.25, 2.75, 11.3125, 2.8125], "texture": "#996"},
				"up": {"uv": [2.9375, 11.3125, 2.875, 11.25], "texture": "#996"},
				"down": {"uv": [11.3125, 2.875, 11.25, 2.9375], "texture": "#996"}
			}
		},
		{
			"name": "wheel9",
			"from": [16.39, 1.32, 7.65],
			"to": [16.61, 1.54, 7.87],
			"rotation": {"angle": 0, "axis": "y", "origin": [17.9, -2.5674, 27.948]},
			"faces": {
				"north": {"uv": [3, 11.25, 3.0625, 11.3125], "texture": "#996"},
				"east": {"uv": [11.25, 3, 11.3125, 3.0625], "texture": "#996"},
				"south": {"uv": [3.125, 11.25, 3.1875, 11.3125], "texture": "#996"},
				"west": {"uv": [11.25, 3.125, 11.3125, 3.1875], "texture": "#996"},
				"up": {"uv": [3.3125, 11.3125, 3.25, 11.25], "texture": "#996"},
				"down": {"uv": [11.3125, 3.25, 11.25, 3.3125], "texture": "#996"}
			}
		},
		{
			"name": "wheel14",
			"from": [16.39, 1.21, 7.21],
			"to": [16.61, 1.43, 7.43],
			"rotation": {"angle": 0, "axis": "y", "origin": [17.9, -2.5674, 27.948]},
			"faces": {
				"north": {"uv": [3.375, 11.25, 3.4375, 11.3125], "texture": "#996"},
				"east": {"uv": [11.25, 3.375, 11.3125, 3.4375], "texture": "#996"},
				"south": {"uv": [3.5, 11.25, 3.5625, 11.3125], "texture": "#996"},
				"west": {"uv": [11.25, 3.5, 11.3125, 3.5625], "texture": "#996"},
				"up": {"uv": [3.6875, 11.3125, 3.625, 11.25], "texture": "#996"},
				"down": {"uv": [11.3125, 3.625, 11.25, 3.6875], "texture": "#996"}
			}
		},
		{
			"name": "wheel7",
			"from": [15.4, 1.21, 6.165],
			"to": [16.5, 2.97, 7.925],
			"rotation": {"angle": 0, "axis": "y", "origin": [17.9, -2.5674, 27.948]},
			"faces": {
				"north": {"uv": [10.125, 10.625, 10.25, 10.875], "texture": "#996"},
				"east": {"uv": [9.875, 2.25, 10.125, 2.5], "texture": "#996"},
				"south": {"uv": [10.75, 0.375, 10.875, 0.625], "texture": "#996"},
				"west": {"uv": [7.25, 9.875, 7.5, 10.125], "texture": "#996"},
				"up": {"uv": [1, 11, 0.875, 10.75], "texture": "#996"},
				"down": {"uv": [1.125, 10.75, 1, 11], "texture": "#996"}
			}
		},
		{
			"name": "wheel15",
			"from": [16.39, 1.21, 6.77],
			"to": [16.61, 1.43, 6.99],
			"rotation": {"angle": 0, "axis": "y", "origin": [17.9, -2.5674, 27.948]},
			"faces": {
				"north": {"uv": [3.75, 11.25, 3.8125, 11.3125], "texture": "#996"},
				"east": {"uv": [3.875, 11.25, 3.9375, 11.3125], "texture": "#996"},
				"south": {"uv": [4, 11.25, 4.0625, 11.3125], "texture": "#996"},
				"west": {"uv": [4.125, 11.25, 4.1875, 11.3125], "texture": "#996"},
				"up": {"uv": [11.3125, 4.1875, 11.25, 4.125], "texture": "#996"},
				"down": {"uv": [4.3125, 11.25, 4.25, 11.3125], "texture": "#996"}
			}
		},
		{
			"name": "wheel8",
			"from": [16.39, 1.32, 6.275],
			"to": [16.61, 1.54, 6.495],
			"rotation": {"angle": 0, "axis": "y", "origin": [17.9, -2.5674, 27.948]},
			"faces": {
				"north": {"uv": [11.25, 4.25, 11.3125, 4.3125], "texture": "#996"},
				"east": {"uv": [4.375, 11.25, 4.4375, 11.3125], "texture": "#996"},
				"south": {"uv": [11.25, 4.375, 11.3125, 4.4375], "texture": "#996"},
				"west": {"uv": [4.5, 11.25, 4.5625, 11.3125], "texture": "#996"},
				"up": {"uv": [11.3125, 4.5625, 11.25, 4.5], "texture": "#996"},
				"down": {"uv": [4.6875, 11.25, 4.625, 11.3125], "texture": "#996"}
			}
		},
		{
			"name": "wheel12",
			"from": [16.39, 1.76, 6.22],
			"to": [16.61, 1.98, 6.44],
			"rotation": {"angle": 0, "axis": "y", "origin": [17.9, -2.5674, 27.948]},
			"faces": {
				"north": {"uv": [11.25, 4.625, 11.3125, 4.6875], "texture": "#996"},
				"east": {"uv": [4.75, 11.25, 4.8125, 11.3125], "texture": "#996"},
				"south": {"uv": [11.25, 4.75, 11.3125, 4.8125], "texture": "#996"},
				"west": {"uv": [4.875, 11.25, 4.9375, 11.3125], "texture": "#996"},
				"up": {"uv": [11.3125, 4.9375, 11.25, 4.875], "texture": "#996"},
				"down": {"uv": [5.0625, 11.25, 5, 11.3125], "texture": "#996"}
			}
		}
	],
	"display": {
		"thirdperson_righthand": {
			"rotation": [75, 315, 0],
			"translation": [0, 2.5, 0],
			"scale": [0.375, 0.375, 0.375]
		},
		"firstperson_righthand": {
			"rotation": [0, 315, 0],
			"translation": [0, 2.5, 0],
			"scale": [0.4, 0.4, 0.4]
		},
		"ground": {
			"translation": [0, 3, 0],
			"scale": [0.25, 0.25, 0.25]
		},
		"gui": {
			"rotation": [30, 45, 0],
			"scale": [0.625, 0.625, 0.625]
		},
		"head": {
			"translation": [0, -2, 4],
			"scale": [4, 4, 4]
		},
		"fixed": {
			"rotation": [0, 180, 0]
		}
	},
	"groups": [
		{
			"name": "busdoor1",
			"origin": [8, 8, 8],
			"color": 0,
			"children": [
				0,
				1,
				2,
				3,
				4,
				5,
				6,
				7,
				8,
				9,
				10,
				11,
				12,
				13,
				14,
				15,
				16,
				17,
				18,
				19,
				20,
				21,
				22,
				23,
				24,
				25,
				26,
				27,
				28,
				29,
				30,
				31,
				32,
				33,
				34,
				35,
				36,
				37,
				38,
				39,
				40,
				41,
				42,
				43,
				44,
				45,
				46,
				47,
				48,
				49,
				50,
				51,
				52,
				53,
				54,
				55,
				56,
				57,
				58,
				59,
				60,
				61,
				62,
				63,
				64,
				65,
				66,
				67,
				68,
				69,
				70,
				71,
				72,
				73,
				74,
				75,
				76,
				77,
				78,
				79,
				80,
				81,
				82,
				83,
				84,
				85,
				86,
				87,
				88,
				89,
				90,
				91
			]
		},
		92,
		93,
		94,
		95,
		96,
		97,
		98,
		99,
		100,
		101,
		102,
		103,
		104,
		105,
		106,
		107,
		108,
		109,
		110,
		111,
		112,
		113,
		114,
		115,
		116,
		117,
		118,
		119,
		120,
		121,
		122,
		123,
		124,
		125,
		126,
		127,
		128,
		129,
		130,
		131,
		132,
		133,
		134,
		135,
		136,
		137,
		138,
		139,
		140,
		141,
		142,
		143,
		144,
		145
	]
}