{
	"credit": "Created with Blockbench [Exported as resourcepack with the \"resourcepack_packager\" plugin]",
	"texture_size": [32, 32],
	"textures": {
		"1": "item/stone_hoe/stone_hoe",
		"particle": "item/stone_hoe/stone_hoe"
	},
	"elements": [
		{
			"name": "door2",
			"from": [18.5, 4, 4],
			"to": [19.5, 12, 9],
			"faces": {
				"north": {"uv": [6.5, 0, 7, 4], "texture": "#1"},
				"east": {"uv": [0, 0, 2.5, 4], "texture": "#1"},
				"south": {"uv": [6.5, 4, 7, 8], "texture": "#1"},
				"west": {"uv": [2.5, 0, 5, 4], "texture": "#1"},
				"up": {"uv": [8, 4.5, 7.5, 2], "texture": "#1"},
				"down": {"uv": [8, 4.5, 7.5, 7], "texture": "#1"}
			}
		},
		{
			"name": "door1",
			"from": [18.5, 12, 8],
			"to": [19.5, 22, 9],
			"faces": {
				"north": {"uv": [5, 0, 5.5, 5], "texture": "#1"},
				"east": {"uv": [5, 5, 5.5, 10], "texture": "#1"},
				"south": {"uv": [5.5, 0, 6, 5], "texture": "#1"},
				"west": {"uv": [5.5, 5, 6, 10], "texture": "#1"},
				"up": {"uv": [8.5, 2.5, 8, 2], "texture": "#1"},
				"down": {"uv": [3, 8, 2.5, 8.5], "texture": "#1"}
			}
		},
		{
			"name": "doorglas1",
			"from": [18.5, 12, 4.5],
			"to": [19.5, 20, 8],
			"faces": {
				"north": {"uv": [6, 0, 6.5, 4], "texture": "#1"},
				"east": {"uv": [0, 4, 1.75, 8], "texture": "#1"},
				"south": {"uv": [6, 4, 6.5, 8], "texture": "#1"},
				"west": {"uv": [2, 4, 3.75, 8], "texture": "#1"},
				"up": {"uv": [8, 8.75, 7.5, 7], "texture": "#1"},
				"down": {"uv": [0.5, 8, 0, 9.75], "texture": "#1"}
			}
		},
		{
			"name": "door1",
			"from": [18.5, 12, 4],
			"to": [19.5, 22, 4.5],
			"faces": {
				"north": {"uv": [4, 4, 4.5, 9], "texture": "#1"},
				"east": {"uv": [7, 2, 7.25, 7], "texture": "#1"},
				"south": {"uv": [4.5, 4, 5, 9], "texture": "#1"},
				"west": {"uv": [7, 7, 7.25, 12], "texture": "#1"},
				"up": {"uv": [8.5, 3.75, 8, 3.5], "texture": "#1"},
				"down": {"uv": [8.5, 4, 8, 4.25], "texture": "#1"}
			}
		},
		{
			"name": "door1",
			"from": [18.5, 20, 4.5],
			"to": [19.5, 22, 8],
			"faces": {
				"north": {"uv": [1.5, 8, 2, 9], "texture": "#1"},
				"east": {"uv": [7, 0, 8.75, 1], "texture": "#1"},
				"south": {"uv": [2, 8, 2.5, 9], "texture": "#1"},
				"west": {"uv": [7, 1, 8.75, 2], "texture": "#1"},
				"up": {"uv": [1, 9.75, 0.5, 8], "texture": "#1"},
				"down": {"uv": [1.5, 8, 1, 9.75], "texture": "#1"}
			}
		},
		{
			"name": "door4",
			"from": [18.4, 5, 4.1],
			"to": [18.65, 5.5, 4.85],
			"faces": {
				"north": {"uv": [8, 4.5, 8.25, 4.75], "texture": "#1"},
				"east": {"uv": [8, 2.5, 8.5, 2.75], "texture": "#1"},
				"south": {"uv": [8, 5, 8.25, 5.25], "texture": "#1"},
				"west": {"uv": [3, 8, 3.5, 8.25], "texture": "#1"},
				"up": {"uv": [8.25, 3.5, 8, 3], "texture": "#1"},
				"down": {"uv": [3.75, 8, 3.5, 8.5], "texture": "#1"}
			}
		}
	],
	"display": {
		"head": {
			"translation": [0, -8, 0],
			"scale": [4, 4, 4]
		}
	},
	"groups": [
		{
			"name": "door2",
			"origin": [0, 0, 0],
			"color": 0,
			"children": [0, 1, 2, 3, 4, 5]
		}
	]
}