{
	"credit": "Created with Blockbench [Exported as resourcepack with the \"resourcepack_packager\" plugin]",
	"texture_size": [128, 128],
	"textures": {
		"0": "item/stone_axe/stone_axe",
		"particle": "item/stone_axe/stone_axe"
	},
	"elements": [
		{
			"from": [-3, 0, -16],
			"to": [18, 7, 32],
			"faces": {
				"north": {"uv": [5.25, 1.75, 7.875, 2.625], "texture": "#0"},
				"east": {"uv": [5.25, 0, 11.25, 0.875], "texture": "#0"},
				"south": {"uv": [5.25, 2.625, 7.875, 3.5], "texture": "#0"},
				"west": {"uv": [5.25, 0.875, 11.25, 1.75], "texture": "#0"},
				"up": {"uv": [2.625, 6, 0, 0], "texture": "#0"},
				"down": {"uv": [5.25, 0, 2.625, 6], "texture": "#0"}
			}
		}
	],
	"display": {
		"head": {
			"translation": [5.5, -6, 5],
			"scale": [3.5, 3.5, 3.5]
		}
	}
}