{   
  "custom.driving": {
	  "sounds": [
		  {
			  "name": "custom/driving",
			  "stream": true
		  }]
	  },
  "custom.doors": {
      "sounds": [
        {
          "name": "custom/traindoors",
          "stream": true
        }]
      },
  "custom.starting": {
    "sounds": [
      {
        "name": "custom/starting",
        "stream": true
      }]
    },
  "custom.train_inside": {
    "sounds": [
      {
        "name": "custom/train_inside",
        "stream": true
      }]
    },
  "custom.traincurve": {
    "sounds": [
      {
        "name": "custom/traincurve",
        "stream": true
      }]
    },
  "custom.nextsu": {
    "sounds": [
      {
        "name": "custom/nachsterhaltsudbahnhof",
        "stream": true
        }]
      },
  "custom.nextb2": {
    "sounds": [
      {
        "name": "custom/nachsterhaltb2studios",
        "stream": true
      }]
    },
  "custom.nextwa": {
    "sounds": [
      {
        "name": "custom/nachsethaltwaldhausen",
        "stream": true
      }]
    },
  "custom.nextah": {
    "sounds": [
      {
        "name": "custom/nachsterhaltahstudios",
        "stream": true
        }]
      },
  "custom.stopping": {
    "sounds": [
      {
        "name": "custom/stopping",
        "stream": true
     }]
	}
}